Salary,Name,Country,Weight,Height,Draft,Hand,Debut,Age,Seasons,Position,Team,GP Last Szn,G Last Szn,A Last Szn,PTS Last Szn,PTS/GP Last Szn,Last Szn PIM/GP,TOI/GP Last Szn,Percent Injured,Career GP,Career G,Career A,Career PTS,Career PIM/GP,Career SOG/GP
700000,Jimmy Hayes,17,77,215,60,1,2011,28,7,2,17,33,3,6,9,0.27,0.181818182,11.93,0,334,54,55,109,0.446107784,1.586826347
4700000,Jori Lehtera,8,74,212,65,2,2014,30,4,1,22,62,3,5,8,0.13,0.225806452,10.51,0.016129032,280,33,75,108,0.478571429,1.064285714
3500000,Michael Stone,3,75,210,69,1,2011,27,7,4,7,82,3,7,10,0.12,0.341463415,16.75,0,425,29,83,112,0.56,1.534117647
1000000,Scott Hartnell,3,74,215,6,2,2000,35,17,3,18,62,13,11,24,0.39,1.322580645,12.02,0.209677419,1249,327,380,707,1.448358687,2.223378703
3600000,Ron Hainsey,17,75,205,13,2,2002,36,15,4,27,80,4,19,23,0.29,0.25,21.86,0.05,987,53,223,276,0.415400203,1.309017224
2000000,Chris Kunitz,3,72,195,300,2,2003,38,14,3,26,82,13,16,29,0.35,0.426829268,11.95,0,966,263,346,609,0.748447205,2.167701863
5000000,Adam Henrique,3,72,195,82,2,2010,27,8,1,1,81,24,26,50,0.62,0.24691358,17.79,0,512,142,151,293,0.30859375,1.791015625
5500000,Brooks Orpik,17,75,217,18,2,2002,37,15,4,31,81,0,10,10,0.12,0.839506173,19.36,0.049382716,982,16,169,185,0.957230143,0.738289206
700000,Curtis McKenzie,3,74,205,159,2,2014,26,4,3,10,7,0,2,2,0.29,1.571428571,8.1,0,99,10,13,23,1.323232323,1.222222222
5000000,Justin Williams,3,73,188,28,1,2000,36,17,2,5,82,16,35,51,0.62,0.682926829,16.59,0,1162,289,444,733,0.616179002,2.591222031
3500000,Niklas Kronwall,16,72,194,29,2,2003,37,14,4,11,79,4,23,27,0.34,0.455696203,18.52,0.037974684,874,80,325,405,0.599542334,1.374141876
650000,David Warsofsky,17,69,170,95,2,2013,27,5,4,9,16,0,5,5,0.31,0,13.39,0,55,2,9,11,0.145454545,1.618181818
2550000,Dale Weise,3,74,206,111,1,2010,29,8,2,22,46,4,4,8,0.17,0.456521739,10.57,0,439,49,60,109,0.728929385,1.134396355
4500000,Anders Lee,17,75,231,152,2,2012,27,6,3,19,82,40,22,62,0.76,0.536585366,17.27,0,343,124,83,207,0.577259475,2.475218659
4838000,TJ Brodie,3,73,182,114,2,2010,27,8,4,7,73,4,28,32,0.44,0.246575342,23.68,0.123287671,491,35,178,213,0.272912424,1.224032587
5250000,Gustav Nyquist,16,71,184,121,2,2011,28,7,2,11,82,21,19,40,0.49,0.243902439,17.85,0,419,109,137,246,0.276849642,2.272076372
650000,Derek Grant,3,75,215,119,2,2012,27,5,1,1,66,12,12,24,0.36,0.166666667,11.1,0,152,12,19,31,0.269736842,1.072368421
2900000,Matt Calvert,3,71,186,127,2,2010,28,8,3,6,69,9,15,24,0.35,0.47826087,13.38,0.231884058,416,72,77,149,0.65625,1.475961538
4400000,Paul Martin,17,73,200,62,2,2003,36,14,4,24,14,0,2,2,0.14,0.142857143,14.76,0.285714286,870,50,270,320,0.273563218,1.087356322
850000,Greg Pateryn,17,75,224,128,1,2012,27,5,4,10,73,1,12,13,0.18,0.684931507,19.62,0,167,3,26,29,0.688622754,1.101796407
3500000,Eric Staal,3,76,209,2,2,2003,33,14,1,15,82,42,34,76,0.93,0.512195122,17.81,0,1093,395,527,922,0.691674291,3.225068618
2000000,Thomas Vanek,2,74,214,5,1,2005,34,13,3,6,80,24,32,56,0.7,0.45,14.09,0,965,357,396,753,0.539896373,2.591709845
9000000,Ryan Suter,17,74,202,7,2,2005,33,13,4,15,78,6,45,51,0.65,0.435897436,26.78,0.051282051,991,75,418,493,0.607467205,1.733602422
3700000,Braydon Coburn,3,77,223,8,2,2005,32,13,4,26,72,1,14,15,0.21,0.555555556,16.02,0.055555556,850,44,161,205,0.771764706,1.321176471
7000000,Dion Phaneuf,3,76,225,9,2,2005,32,13,4,14,79,6,20,26,0.33,0.620253165,20,0,981,136,352,488,1.317023445,2.481141692
6500000,Jeff Carter,3,75,217,11,1,2005,33,13,1,14,27,13,9,22,0.81,0.074074074,17.84,2.037037037,904,352,320,672,0.503318584,3.349557522
6500000,Dustin Brown,17,72,216,13,1,2003,33,14,2,14,81,28,33,61,0.75,0.716049383,19.84,0,1045,260,307,567,0.625837321,2.618181818
9000000,Brent Seabrook,3,75,220,14,1,2005,32,13,4,8,81,7,19,26,0.32,0.469135802,20.2,0,1004,95,337,432,0.609561753,1.783864542
650000,Steve Bernier,3,75,224,16,1,2005,32,12,2,19,4,0,0,0,0,0,10.05,0,637,105,125,230,0.470957614,1.557299843
9000000,Zach Parise,17,71,195,17,2,2005,33,13,3,15,42,15,9,24,0.57,0.333333333,17.08,0.095238095,872,333,352,685,0.394495413,3.362385321
2000000,Eric Fehr,3,76,208,18,1,2005,32,13,1,24,18,3,1,4,0.22,0.111111111,11.78,0.611111111,580,106,100,206,0.322413793,1.796551724
9025000,Ryan Getzlaf,3,76,223,19,1,2005,32,13,1,1,56,11,50,61,1.09,0.75,21.43,0.071428571,917,247,628,875,0.841875682,2.299890949
2500000,Matt Martin,3,75,220,148,2,2009,28,9,3,27,50,3,9,12,0.24,1,7.99,0.02,570,50,59,109,1.496491228,1.184210526
6675000,Ryan Kesler,17,74,202,23,1,2003,33,14,1,1,44,8,6,14,0.32,1.045454545,18.03,0.113636364,941,253,312,565,0.930924548,2.327311371
3000000,Brian Boyle,17,78,245,26,2,2007,33,11,1,17,69,13,10,23,0.33,0.652173913,13.29,0.057971014,693,106,86,192,0.769119769,1.748917749
5500000,Jared Spurgeon,3,69,168,156,1,2010,28,8,4,15,61,9,28,37,0.61,0.131147541,24.55,0.06557377,509,56,149,205,0.149312377,1.555992141
700000,Mark Barberio,3,73,207,152,2,2012,27,6,4,9,46,3,10,13,0.28,0.673913043,17.28,0.717391304,239,13,40,53,0.39748954,1.138075314
3300000,Patrick Eaves,17,70,202,29,1,2005,33,13,2,1,2,1,0,1,0.5,0,16.46,3.5,626,132,110,242,0.329073482,1.856230032
1000000,Dominic Moore,3,72,192,95,2,2003,37,13,1,27,50,6,6,12,0.24,0.32,10.3,0,897,106,176,282,0.542920847,1.519509476
8000000,Loui Eriksson,16,74,196,33,2,2006,32,12,3,28,50,10,13,23,0.46,0.08,16.27,0.08,840,233,318,551,0.188095238,2.096428571
3475000,Marcus Kruger,16,72,186,149,2,2010,27,8,1,5,48,1,5,6,0.13,0.583333333,10.84,0.166666667,446,34,77,111,0.457399103,1.19058296
650000,Brad Hunt,3,69,187,300,2,2013,29,5,4,29,45,3,15,18,0.4,0.133333333,16.65,0,78,5,22,27,0.128205128,1.628205128
1000000,Lance Bouma,3,74,208,78,2,2010,27,7,3,8,53,3,6,9,0.17,0.679245283,10.65,0,357,30,46,76,0.588235294,1.06162465
8750000,Patrice Bergeron,3,73,195,45,1,2003,32,14,1,3,64,30,33,63,0.98,0.40625,19.44,0.0625,963,289,445,734,0.380062305,2.951194185
742500,Rasmus Andersson,16,73,214,53,1,2016,21,2,4,7,10,0,0,0,0,0.4,15.44,0,11,0,0,0,0.363636364,0.727272727
700000,Zac Rinaldo,3,70,192,178,2,2011,27,6,1,2,53,5,2,7,0.13,0.830188679,11.28,0.075471698,328,14,20,34,2.131097561,0.798780488
12000000,Shea Weber,3,76,230,49,1,2005,32,13,4,16,26,6,10,16,0.62,0.538461538,25.35,0.153846154,867,189,312,501,0.715109573,2.664359862
750000,Tommy Wingels,17,72,200,177,1,2010,29,8,1,3,75,9,8,17,0.23,0.6,11.49,0.053333333,448,62,81,143,0.566964286,1.651785714
832500,Travis Sanheim,3,75,181,17,2,2017,21,1,4,22,49,2,8,10,0.2,0.408163265,15.58,0,49,2,8,10,0.408163265,1.469387755
650000,Zach Redmond,17,74,212,184,1,2012,29,6,4,4,3,0,0,0,0,0.666666667,14.48,0,133,9,29,38,0.37593985,1.180451128
5500000,Torey Krug,17,69,186,300,2,2011,26,7,4,3,76,14,45,59,0.78,0.473684211,20.4,0.052631579,398,52,183,235,0.386934673,2.613065327
715000,Denis Malgin,4,69,177,102,1,2016,21,2,1,13,51,11,11,22,0.43,0.117647059,13.85,0.078431373,98,17,15,32,0.142857143,1.489795918
650000,Matt Bartkowski,17,73,196,190,2,2010,29,8,4,7,18,0,3,3,0.17,0.222222222,13.35,0,253,7,40,47,0.62055336,1.150197628
8000000,David Backes,17,75,221,62,1,2006,33,12,2,3,57,14,19,33,0.58,0.929824561,15.4,0.070175439,858,237,294,531,1.271561772,2.313519814
700000,Matt Hendricks,17,72,209,131,2,2008,36,10,1,30,60,5,8,13,0.22,0.65,9.42,0.1,581,54,59,113,1.209982788,1.199655766
1250000,J.T. Brown,17,70,169,300,1,2011,27,6,2,1,47,2,5,7,0.15,0.510638298,9.07,0,309,20,44,64,0.621359223,1.446601942
650000,Matt Tennyson,17,74,205,300,1,2012,27,5,4,4,15,0,0,0,0,0.533333333,17.97,0.733333333,120,3,17,20,0.266666667,1.075
742500,Dominik Simon,5,71,176,137,2,2015,23,3,1,23,33,4,8,12,0.36,0.484848485,11.42,0.121212121,38,4,10,14,0.421052632,1.052631579
730000,Christian Jaros,14,75,201,139,1,2017,21,1,4,21,2,0,0,0,0,0,7.97,0,2,0,0,0,0,0
2000000,Luke Glendening,17,71,192,300,1,2013,28,5,2,11,69,11,8,19,0.28,0.246376812,13.2,0.072463768,362,35,44,79,0.400552486,1.132596685
1000000,Yanni Gourde,3,69,172,300,2,2015,26,3,1,26,82,25,39,64,0.78,0.609756098,16.16,0,104,31,42,73,0.576923077,1.596153846
7250000,Bobby Ryan,17,74,209,2,1,2007,30,11,2,21,62,11,22,33,0.53,0.225806452,16.44,0.225806452,731,234,271,505,0.528043776,2.545827633
2825000,Ryan Murray,3,73,205,2,2,2013,24,5,4,6,44,1,11,12,0.27,0.181818182,18.44,0.863636364,264,12,60,72,0.340909091,0.931818182
4900000,Alex Galchenyuk,17,73,207,3,2,2012,23,6,3,16,82,19,32,51,0.62,0.268292683,16.23,0,418,108,147,255,0.361244019,2.081339713
5000000,Morgan Rielly,3,73,217,5,2,2013,23,5,4,27,76,6,46,52,0.68,0.184210526,21.6,0.078947368,388,31,140,171,0.229381443,1.969072165
6000000,Hampus Lindholm,16,75,208,6,2,2013,24,5,4,1,69,13,18,31,0.45,0.492753623,22.74,0.130434783,371,42,101,143,0.479784367,1.60916442
875000,Nail Yakupov,13,71,195,1,2,2012,24,6,2,9,58,9,7,16,0.28,0.448275862,10.84,0.051724138,350,62,74,136,0.405714286,1.857142857
2750000,Matt Dumba,3,72,184,7,1,2013,23,5,4,15,82,14,36,50,0.61,0.5,23.81,0,310,44,84,128,0.525806452,1.796774194
650000,Pontus Aberg,16,71,196,37,1,2016,24,2,3,12,53,4,12,16,0.3,0.188679245,12.17,0,68,5,13,18,0.205882353,1.205882353
725000,Phillip Di Giuseppe,3,72,200,38,2,2015,24,3,3,5,49,5,8,13,0.27,0.346938776,10.5,0,126,13,24,37,0.396825397,1.587301587
1100000,Jordie Benn,3,74,198,300,2,2011,30,7,4,16,77,4,11,15,0.19,0.441558442,18.97,0,392,17,71,88,0.400510204,1.084183673
742500,Sami Niku,8,73,176,198,2,2017,21,1,4,30,1,1,0,1,1,0,15.22,0,1,1,0,1,0,2
1250000,Kyle Quincey,3,74,210,132,2,2005,32,13,4,15,18,0,3,3,0.17,1.555555556,14.28,0,586,36,122,158,0.935153584,1.523890785
650000,Stefan Matteau,17,74,220,29,2,2012,23,4,1,29,8,0,1,1,0.13,0,8.2,0,64,3,4,7,0.421875,1.015625
3500000,Tanner Pearson,3,73,201,30,2,2013,25,5,3,14,82,15,25,40,0.49,0.329268293,15.97,0,308,69,74,143,0.25974026,1.957792208
875000,Scott Laughton,3,73,190,20,2,2012,23,5,1,22,81,10,10,20,0.25,0.518518519,11.12,0,190,19,28,47,0.489473684,1.357894737
4083300,Olli Maatta,8,74,206,22,2,2013,23,5,4,23,82,7,22,29,0.35,0.341463415,18.76,0,302,24,69,93,0.284768212,1.559602649
1600000,Zemgus Girgensons,10,74,207,14,2,2013,24,5,1,4,71,7,8,15,0.21,0.366197183,13.71,0.056338028,348,44,57,101,0.295977011,1.623563218
3350000,Cody Ceci,3,74,209,15,1,2013,24,5,4,21,82,5,14,19,0.23,0.146341463,23.34,0,366,25,67,92,0.191256831,1.677595628
2250000,Tom Wilson,3,76,218,16,1,2013,23,5,2,31,78,14,21,35,0.45,2.397435897,15.99,0,391,35,69,104,2.061381074,1.173913043
3200000,Tomas Hertl,5,74,220,17,2,2013,24,5,1,24,79,22,24,46,0.58,0.518987342,18.1,0.050632911,328,81,89,170,0.307926829,2.195121951
2860000,Teuvo Teravainen,8,71,178,18,2,2013,23,5,3,5,82,23,41,64,0.78,0.170731707,16.89,0,278,55,95,150,0.18705036,2.014388489
800000,Derrick Pouliot,3,72,208,8,2,2014,24,4,4,28,71,3,19,22,0.31,0.549295775,17.85,0,138,5,31,36,0.355072464,1.231884058
3500000,Jacob Trouba,17,75,202,9,1,2013,23,5,4,30,55,3,21,24,0.44,0.618181818,21.9,0.072727273,326,34,95,129,0.733128834,2.101226994
800000,Slater Koekkoek,3,74,193,10,2,2014,23,4,4,26,35,4,4,8,0.23,0.514285714,11.24,0,76,4,9,13,0.394736842,1.144736842
6000000,Filip Forsberg,16,73,205,11,1,2012,23,6,3,18,67,26,38,64,0.96,0.567164179,17.47,0.059701493,331,117,138,255,0.438066465,2.812688822
2000000,Radek Faksa,5,75,216,13,2,2015,24,3,1,10,79,17,16,33,0.42,0.455696203,15.27,0.063291139,204,34,44,78,0.583333333,1.553921569
650000,Patrick Sieloff,17,73,205,42,2,2015,23,2,4,21,1,1,0,1,1,0,11.18,0,2,2,0,2,1,2
6500000,Colton Parayko,3,78,230,86,1,2015,24,3,4,25,82,6,29,35,0.43,0.158536585,22.61,0,242,19,84,103,0.305785124,2.334710744
650000,Brendan Leipsic,3,70,180,89,2,2015,23,2,3,28,58,5,17,22,0.38,0.24137931,13.14,0.137931034,64,6,19,25,0.25,1.65625
675000,Oskar Sundqvist,16,75,209,81,1,2015,23,3,1,25,42,1,4,5,0.12,0.333333333,10.48,0,70,2,7,9,0.285714286,0.9
2250000,Brad Richardson,3,72,190,163,2,2005,32,13,1,2,76,3,12,15,0.2,0.592105263,14.77,0.052631579,683,81,123,204,0.530014641,1.497803807
2200000,Esa Lindell,8,75,213,74,2,2015,23,3,4,10,80,7,20,27,0.34,0.3,22.08,0.025,157,13,32,45,0.292993631,1.515923567
4900000,Marc Methot,3,76,233,168,2,2006,32,12,4,10,36,1,2,3,0.08,0.861111111,17.88,0.138888889,615,22,101,123,0.608130081,0.98699187
650000,Chandler Stephenson,3,72,203,77,2,2015,23,3,1,31,67,6,12,18,0.27,0.119402985,11.87,0.059701493,80,6,12,18,0.125,0.5125
6000000,Shayne Gostisbehere,17,71,180,78,2,2014,24,4,4,22,78,13,52,65,0.83,0.320512821,21.46,0.08974359,220,37,113,150,0.368181818,2.604545455
650000,Jujhar Khaira,3,76,214,63,2,2015,23,3,3,12,69,11,10,21,0.3,0.68115942,12.71,0.072463768,94,12,12,24,0.659574468,1.031914894
875000,Adam Pelech,3,75,217,65,2,2015,23,3,4,19,78,3,16,19,0.24,0.358974359,19.27,0.051282051,131,6,25,31,0.259541985,1.175572519
1650000,Nate Thompson,17,73,214,183,2,2006,33,11,1,14,69,5,12,17,0.25,0.289855072,12.77,0.115942029,619,53,75,128,0.515347334,1.171243942
1750000,Jordan Martinook,3,72,204,58,2,2014,25,4,3,2,81,6,9,15,0.19,0.555555556,14.01,0.049382716,247,26,39,65,0.417004049,1.368421053
767500,Boo Nieves,17,75,212,59,2,2016,24,2,1,20,28,1,8,9,0.32,0.428571429,10.2,0.178571429,29,1,8,9,0.413793103,0.793103448
2500000,Damon Severson,3,74,205,60,1,2014,23,4,4,17,76,9,15,24,0.32,0.552631579,19.68,0,279,18,75,93,0.551971326,1.551971326
650000,Martin Frk,5,73,205,49,1,2016,24,2,2,11,68,11,14,25,0.37,0.205882353,10.29,0.117647059,70,11,14,25,0.2,1.428571429
650000,Colton Sissons,3,73,200,50,1,2013,24,4,1,18,81,9,18,27,0.33,0.518518519,16.09,0.049382716,190,22,25,47,0.368421053,1.052631579
1775000,Jake McCabe,17,73,210,44,2,2013,24,5,4,4,53,3,9,12,0.23,0.490566038,19.5,0.075471698,215,10,37,47,0.548837209,0.91627907
5650000,Mike Hoffman,3,72,181,130,2,2011,28,7,3,21,82,22,34,56,0.68,0.390243902,18.41,0,342,107,123,230,0.347953216,2.891812865
875000,Brock McGinn,3,72,185,47,2,2015,23,3,3,5,80,16,14,30,0.38,0.275,14.5,0.0125,158,26,24,50,0.240506329,1.632911392
1700000,Micheal Ferland,3,74,208,133,2,2014,25,4,3,7,77,21,20,41,0.53,0.311688312,15.02,0.051948052,250,42,47,89,0.54,1.624
6000000,Joe Pavelski,17,71,195,205,1,2006,33,12,1,24,82,22,44,66,0.8,0.5,19.26,0,888,317,380,697,0.393018018,2.995495495
850000,Connor Carrick,17,70,192,137,1,2013,23,4,4,27,47,4,8,12,0.26,0.574468085,15.13,0.085106383,167,9,21,30,0.694610778,1.143712575
900000,Kyle Brodziak,3,74,209,214,1,2005,33,13,1,25,81,10,23,33,0.41,0.407407407,13.46,0.049382716,847,123,164,287,0.506493506,1.386068477
650000,Charles Hudon,3,70,188,122,2,2015,23,3,3,16,72,10,20,30,0.42,0.527777778,14.03,0.111111111,78,10,24,34,0.512820513,2.371794872
670000,Trevor Carrick,3,74,186,115,2,2015,23,2,4,5,1,0,0,0,0,2,7.53,0,3,0,0,0,0.666666667,1.333333333
806558,Taylor Leier,3,71,180,117,2,2015,23,3,3,22,39,1,4,5,0.13,0.153846154,10.49,0.153846154,55,2,5,7,0.181818182,1.054545455
792500,Jaccob Slavin,17,75,205,120,2,2015,23,3,4,5,82,8,22,30,0.37,0.12195122,22.59,0,227,15,69,84,0.13215859,1.484581498
1387500,Andreas Athanasiou,3,74,188,110,2,2015,23,3,3,11,71,16,17,33,0.46,0.225352113,15.31,0.014084507,172,43,33,76,0.284883721,1.994186047
8500000,Patrick Marleau,3,74,215,2,2,1997,38,20,1,27,82,27,20,47,0.57,0.195121951,16.99,0,1575,535,594,1129,0.301587302,2.54031746
650000,Gemel Smith,3,70,190,104,2,2016,23,2,1,10,46,6,5,11,0.24,0.369565217,9.43,0,63,9,8,17,0.603174603,0.968253968
650000,Brett Kulak,3,74,187,105,2,2014,24,4,4,7,71,2,6,8,0.11,0.38028169,12.99,0,101,2,9,11,0.405940594,1
742500,Jake Guentzel,17,71,180,77,2,2016,23,2,1,23,82,22,26,48,0.59,0.512195122,16.49,0,122,38,43,81,0.426229508,2.06557377
5750000,Toby Enstrom,16,70,180,239,2,2007,33,11,4,30,43,1,5,6,0.14,0.465116279,17.03,0.093023256,719,54,254,308,0.586926287,1.139082058
825000,Cedric Paquette,3,73,198,101,2,2013,24,5,1,26,56,5,4,9,0.16,0.732142857,10.2,0.071428571,236,27,23,50,0.944915254,1.161016949
8000000,Dustin Byfuglien,17,77,260,245,1,2005,32,13,4,30,69,8,37,45,0.65,1.623188406,24.34,0.202898551,827,173,321,494,1.239419589,3.019347037
650000,Erik Gustafsson,16,72,176,93,2,2015,25,2,4,8,35,5,11,16,0.46,0.171428571,18.56,0,76,5,25,30,0.131578947,1.697368421
5000000,Carl Soderberg,16,75,210,49,2,2012,32,6,1,9,77,16,21,37,0.48,0.337662338,17.35,0.025974026,400,63,133,196,0.37,1.8475
874125,Paul LaDue,17,74,198,181,1,2016,25,2,4,14,12,3,1,4,0.33,0.5,13.97,0,34,3,9,12,0.294117647,1.176470588
1125000,Ryan Reaves,3,73,225,156,1,2010,31,8,2,29,79,4,6,10,0.13,1.189873418,7.6,0,498,31,30,61,1.584337349,0.568273092
817500,Vinnie Hinostroza,17,69,173,169,1,2015,23,3,3,8,50,7,18,25,0.5,0.2,13.82,0,106,13,26,39,0.311320755,1.58490566
5000000,Matt Moulson,3,73,203,263,2,2007,34,11,3,4,14,0,0,0,0,0.142857143,10.29,0,650,176,193,369,0.187692308,2.229230769
650000,Tanner Glass,3,73,213,265,2,2007,34,11,3,7,16,0,0,0,0,1.1875,9.38,0,527,24,45,69,1.24857685,0.783681214
832500,Jared McCann,3,73,198,24,2,2015,21,3,1,13,68,9,19,28,0.41,0.441176471,13.26,0.147058824,166,19,34,53,0.397590361,1.765060241
1750000,Antoine Vermette,3,73,197,55,2,2003,35,14,1,1,64,8,8,16,0.25,0.53125,13.75,0,1046,228,287,515,0.594646272,1.755258126
700000,David Booth,17,72,212,53,2,2006,33,10,3,11,28,4,1,5,0.18,0.357142857,6.97,0.142857143,530,124,112,236,0.40754717,2.6
892500,Christoph Bertschy,4,70,185,158,1,2015,23,3,1,15,1,0,0,0,0,4,5.38,0,9,0,1,1,0.888888889,0.888888889
700000,Jake Dotchin,3,75,210,161,1,2016,23,2,4,26,48,3,8,11,0.23,0.791666667,16.48,0.083333333,83,3,19,22,0.879518072,1.180722892
660000,Joseph Blandisi,3,72,182,162,2,2015,23,3,1,1,3,0,0,0,0,0.666666667,11.68,1.333333333,71,8,18,26,0.873239437,1
2100000,Connor Brown,3,72,185,156,1,2015,24,3,2,27,82,14,14,28,0.34,0.219512195,15.01,0.048780488,171,35,35,70,0.16374269,1.573099415
2800000,Ben Hutton,3,74,207,147,2,2015,24,3,4,28,61,0,6,6,0.1,0.37704918,18.41,0.147540984,207,6,44,50,0.328502415,1.628019324
1250000,Sven Andrighetto,4,70,188,86,2,2014,24,4,2,9,50,8,14,22,0.44,0.2,14.49,0.08,152,24,42,66,0.184210526,1.743421053
650000,Steven Kampfer,17,71,195,93,1,2010,29,6,4,20,22,0,1,1,0.05,0.909090909,17.25,0.181818182,166,10,16,26,0.493975904,1.204819277
4250000,Jonathan Ericsson,16,76,220,291,2,2007,33,11,4,11,81,3,10,13,0.16,0.580246914,19.31,0.012345679,610,24,96,120,0.813114754,1.032786885
650000,Jaycob Megna,17,78,219,210,2,2016,25,2,4,1,14,0,1,1,0.07,0.142857143,15.71,0,15,0,1,1,0.133333333,0.466666667
1250000,Adam Lowry,17,77,210,67,2,2014,24,4,1,30,45,8,13,21,0.47,0.177777778,14.89,0.511111111,281,41,49,90,0.565836299,1.31316726
650000,Christian Djoos,16,72,169,195,2,2017,23,1,4,31,63,3,11,14,0.22,0.158730159,14.03,0.063492063,63,3,11,14,0.158730159,0.952380952
650000,Joakim Ryan,17,71,185,198,2,2017,24,1,4,24,62,3,9,12,0.19,0.129032258,16.75,0.177419355,62,3,9,12,0.129032258,1.274193548
5850000,Brandon Dubinsky,17,74,205,60,2,2006,31,12,1,6,62,6,10,16,0.26,0.532258065,15.34,0.064516129,762,147,277,424,1.140419948,2.049868766
1000000,Matt Cullen,17,73,202,35,2,1997,41,20,1,15,79,11,11,22,0.28,0.253164557,11.89,0,1445,259,452,711,0.4,1.859515571
650000,Nicolas Kerdiles,17,74,200,36,2,2016,24,2,3,1,2,0,0,0,0,0,3.75,0,3,0,0,0,0,0
650000,Liam O'Brien,3,73,215,300,2,2014,23,3,1,31,3,0,0,0,0,1.666666667,6.92,0,17,1,1,2,1.647058824,1
650000,Keegan Lowe,17,73,193,73,2,2014,24,2,4,12,2,0,0,0,0,0,13.9,0,4,0,0,0,2.5,1
650000,Kurtis MacDermid,3,77,233,300,2,2017,23,1,4,14,34,1,3,4,0.12,1.676470588,11.6,0,34,1,3,4,1.676470588,0.558823529
742500,Victor Ejdsell,16,77,214,300,2,2017,22,1,1,8,6,0,1,1,0.17,0,13.32,0,6,0,1,1,0,1.166666667
660000,Blake Coleman,17,71,200,75,2,2016,26,2,1,17,79,13,12,25,0.32,0.632911392,14.4,0,102,14,13,27,0.754901961,1.715686275
720000,Ashton Sautner,3,73,195,300,2,2017,23,1,4,28,5,0,2,2,0.4,0.4,13.36,0,5,0,2,2,0.4,0.6
650000,Logan Shaw,3,75,208,76,1,2015,26,3,2,16,72,4,10,14,0.19,0.166666667,11.88,0,180,12,19,31,0.194444444,1.311111111
7000000,Alexander Steen,16,72,211,24,2,2005,33,13,3,25,76,15,31,46,0.61,0.263157895,18.69,0.078947368,898,228,350,578,0.476614699,2.501113586
730000,Ethan Bear,3,71,209,124,1,2017,20,1,4,12,18,1,3,4,0.22,0.555555556,18.63,0,18,1,3,4,0.555555556,1.111111111
6750000,Mark Giordano,3,72,198,300,2,2005,34,12,4,7,82,13,25,38,0.46,0.768292683,24.79,0,755,112,266,378,0.850331126,1.998675497
1200000,Mark Borowiecki,3,73,207,139,2,2011,28,7,4,21,52,3,8,11,0.21,1.230769231,14.64,0.076923077,269,7,21,28,1.858736059,0.672862454
5500000,Andrej Sekera,14,72,200,71,2,2006,31,12,4,12,36,0,8,8,0.22,0.166666667,16.33,0.166666667,683,45,187,232,0.251830161,1.377745242
675000,Jayson Megna,17,73,195,300,1,2013,27,5,1,28,1,0,0,0,0,0,4.3,0,113,10,10,20,0.247787611,1.150442478
4000000,Marco Scandella,3,75,208,55,2,2010,27,8,4,4,82,5,17,22,0.27,0.451219512,23.32,0,455,32,79,111,0.406593407,1.408791209
7000000,Daniel Sedin,16,73,190,2,2,2000,37,17,3,28,81,23,32,55,0.68,0.49382716,15.27,0.049382716,1306,393,648,1041,0.418070444,2.660030628
7000000,Henrik Sedin,16,74,183,3,2,2000,37,17,1,28,82,3,47,50,0.61,0.365853659,15.55,0,1330,240,830,1070,0.511278195,1.395488722
4000000,Tyler Bozak,3,73,199,300,1,2009,31,9,1,27,81,11,32,43,0.53,0.345679012,15.64,0.012345679,594,136,229,365,0.306397306,1.654882155
650000,Josh Leivo,3,74,210,86,1,2013,24,5,3,27,16,1,3,4,0.25,0.375,10.57,0,57,10,12,22,0.350877193,1.50877193
730000,Andrew Mangiapane,3,70,184,166,2,2017,21,1,3,7,10,0,0,0,0,0.2,8.93,0,10,0,0,0,0.2,0.7
650000,Tanner Fritz,3,71,192,300,1,2017,26,1,1,19,34,3,4,7,0.21,0.235294118,12.52,0.264705882,34,3,4,7,0.235294118,0.794117647
1000000,David Desharnais,3,67,180,300,2,2009,31,9,1,20,71,6,22,28,0.39,0.253521127,13.06,0.070422535,524,87,195,282,0.305343511,1.141221374
10000000,Brent Burns,3,77,230,20,1,2003,32,14,4,24,82,12,55,67,0.82,0.56097561,25.24,0,961,182,384,566,0.642039542,2.675338189
7000000,Johnny Boychuk,3,74,227,61,1,2007,34,11,4,19,58,6,12,18,0.31,0.517241379,20.19,0.068965517,587,49,127,176,0.497444634,2.204429302
650000,Jordan Schroeder,17,69,170,22,1,2012,27,6,3,6,21,1,1,2,0.1,0.19047619,7.48,0.19047619,165,18,24,42,0.084848485,1.139393939
4750000,Marcus Johansson,16,73,205,24,2,2010,27,8,3,17,29,5,9,14,0.48,0.482758621,15.99,0.172413793,530,107,197,304,0.143396226,1.471698113
4500000,Kyle Palmieri,17,71,185,26,1,2010,26,8,2,17,62,24,20,44,0.71,0.483870968,17.31,0.064516129,422,123,120,243,0.485781991,2.345971564
842500,Nick Lappin,17,73,175,300,1,2016,25,2,2,17,6,1,0,1,0.17,0.666666667,9.76,0,49,5,3,8,0.428571429,1.306122449
700000,Landon Ferraro,3,72,176,32,1,2013,26,4,1,15,2,1,0,1,0.5,0,4.42,2,77,7,5,12,0.376623377,1.116883117
9000000,Ryan O'Reilly,3,73,216,33,2,2009,26,9,1,4,81,24,37,61,0.75,0.024691358,20.82,0,651,155,267,422,0.129032258,2.238095238
3900000,Josh Gorges,3,73,204,300,2,2005,33,13,4,4,34,0,2,2,0.06,0.5,14.94,0.117647059,783,17,107,124,0.51596424,0.657726692
1700000,Kyle Clifford,3,74,211,35,2,2010,27,8,3,14,50,6,4,10,0.2,0.96,10.55,0.64,535,43,51,94,1.26728972,1.261682243
660000,Alex Chiasson,3,76,208,38,1,2012,27,6,2,31,61,9,9,18,0.3,0.426229508,11.77,0,381,59,65,124,0.582677165,1.346456693
3750000,Jakob Silfverberg,16,74,202,39,1,2012,27,6,2,1,77,17,23,40,0.52,0.233766234,17.96,0.051948052,419,93,116,209,0.281622912,2.556085919
775000,Tim Schaller,17,74,210,300,2,2014,27,4,1,3,82,12,10,22,0.27,0.512195122,13.28,0,176,21,20,41,0.392045455,1.471590909
6000000,John Tavares,3,73,208,1,2,2009,27,9,1,19,82,37,47,84,1.02,0.317073171,19.93,0,669,272,349,621,0.458893871,3.153961136
5500000,Danny DeKeyser,17,75,192,300,2,2012,27,6,4,11,65,6,6,12,0.18,0.430769231,20.32,0.061538462,381,24,75,99,0.469816273,1.076115486
5075000,Marian Gaborik,14,73,200,3,2,2000,35,17,2,21,46,11,10,21,0.46,0.52173913,13.97,0.195652174,1035,407,408,815,0.475362319,3.098550725
6000000,Evander Kane,3,74,212,4,2,2009,26,9,3,24,78,29,25,54,0.69,1.051282051,19.58,0.025641026,574,186,168,354,1.168989547,3.574912892
5000000,Brayden Schenn,3,73,200,5,2,2009,26,9,1,25,82,28,42,70,0.85,0.682926829,19.73,0,515,137,181,318,0.530097087,2.110679612
4500000,Cam Atkinson,17,68,179,157,1,2011,28,7,2,6,65,24,22,46,0.71,0.215384615,18.9,0.061538462,447,145,128,273,0.25950783,2.868008949
650000,Casey Nelson,17,73,185,300,1,2015,25,3,4,4,37,3,5,8,0.22,0.216216216,18.78,0.027027027,55,3,9,12,0.363636364,1.145454545
800000,Magnus Paajarvi,16,75,206,10,2,2010,26,8,3,21,79,8,4,12,0.15,0.151898734,12.45,0.050632911,387,51,54,105,0.186046512,1.726098191
3000000,Ryan Ellis,3,70,180,11,1,2011,27,7,4,18,44,9,23,32,0.73,0.136363636,23.36,0.090909091,396,55,118,173,0.353535354,1.830808081
3300000,Calvin de Haan,3,73,198,12,2,2011,26,6,4,19,33,1,11,12,0.36,0.242424242,18.75,0.121212121,304,12,69,81,0.388157895,1.404605263
1850000,Zack Kassian,3,75,209,13,1,2011,27,7,2,12,74,7,12,19,0.26,1.243243243,11.67,0.121621622,387,52,65,117,1.586563307,1.258397933
742500,Peter Cehlarik,14,74,202,90,2,2016,22,2,3,3,6,1,1,2,0.33,0.333333333,13.93,0.666666667,17,1,3,4,0.117647059,0.647058824
742500,Kevin Labanc,17,71,185,171,1,2016,22,2,2,24,77,11,29,40,0.52,0.415584416,14.35,0,132,19,41,60,0.409090909,1.712121212
5000000,Nick Leddy,17,72,204,16,2,2010,26,8,4,19,80,10,32,42,0.53,0.25,22.42,0.0125,578,56,202,258,0.1816609,1.470588235
10000000,Corey Perry,3,75,213,28,1,2005,32,13,2,1,71,17,32,49,0.69,1,17.78,0.056338028,957,366,400,766,1.131661442,2.937304075
5000000,Chris Kreider,17,75,224,19,2,2012,26,6,3,20,58,16,21,37,0.64,0.75862069,15.62,0.413793103,381,105,114,219,0.855643045,2.141732283
700000,Jacob Josefson,16,72,196,20,2,2010,26,8,1,4,39,2,2,4,0.1,0.153846154,11.38,0.41025641,315,20,44,64,0.266666667,1.063492063
1950000,John Moore,17,74,210,21,2,2010,27,8,4,17,81,7,11,18,0.22,0.580246914,20.01,0,447,32,67,99,0.41163311,1.418344519
1800000,Brayden McNabb,3,76,212,66,2,2011,27,6,4,29,76,5,10,15,0.2,0.684210526,20.15,0.052631579,314,12,53,65,0.863057325,1.060509554
6000000,Reilly Smith,3,72,185,69,2,2011,26,7,2,29,67,22,38,60,0.9,0.358208955,17.92,0.059701493,432,98,149,247,0.268518519,1.898148148
650000,Carter Rowney,3,74,200,300,1,2016,28,2,2,23,44,2,3,5,0.11,0.090909091,9.35,0.318181818,71,5,7,12,0.112676056,0.633802817
6000000,Tomas Tatar,14,70,185,60,2,2010,27,7,3,29,82,20,14,34,0.41,0.414634146,16.27,0,427,119,109,228,0.341920375,2.135831382
650000,Kevin Rooney,17,74,190,300,2,2016,24,2,1,17,1,0,0,0,0,0,11.77,0,5,0,0,0,0.8,1
650000,Chad Ruhwedel,17,71,191,300,1,2012,27,6,4,23,44,2,3,5,0.11,0.363636364,15.73,0.090909091,111,4,13,17,0.252252252,1.441441441
700000,Brandon Tanev,3,72,180,300,2,2015,26,3,3,30,61,8,10,18,0.3,0.295081967,12.66,0.213114754,115,10,12,22,0.4,1.191304348
6500000,Dmitry Orlov,13,71,212,55,2,2011,26,6,4,31,82,10,21,31,0.38,0.268292683,23.13,0,365,30,94,124,0.37260274,1.235616438
650000,Paul Carey,17,73,200,135,2,2013,29,5,1,20,60,7,7,14,0.23,0.333333333,10.26,0,92,8,8,16,0.217391304,0.815217391
650000,Brandon Pirri,3,72,186,59,2,2010,26,8,1,29,2,3,0,3,1.5,0,17.62,0,228,60,41,101,0.337719298,2.043859649
4100000,Brian Dumoulin,17,76,207,51,2,2013,26,5,4,23,80,5,13,18,0.23,0.375,20.62,0.025,243,7,44,51,0.263374486,1.185185185
2800000,Richard Panik,14,73,208,52,2,2012,26,6,2,2,72,14,21,35,0.49,0.527777778,15.2,0.027777778,335,61,65,126,0.525373134,1.513432836
700000,Luke Witkowski,17,74,210,160,1,2014,27,4,2,11,31,1,3,4,0.13,2.193548387,6.89,0,85,1,7,8,1.482352941,0.6
2000000,Marcus Foligno,3,75,232,104,2,2011,26,7,3,15,77,8,15,23,0.3,0.935064935,10.86,0.012987013,424,57,82,139,0.95754717,1.132075472
6000000,Matt Duchene,3,71,195,3,2,2009,27,9,1,21,82,27,32,59,0.72,0.219512195,18.33,0,654,201,276,477,0.241590214,2.47706422
650000,Jordan Szwarz,3,71,200,97,1,2013,26,3,2,3,12,0,3,3,0.25,0.166666667,11.51,0,47,4,3,7,0.489361702,1.106382979
4250000,Craig Smith,17,73,208,98,1,2011,28,7,2,18,79,25,26,51,0.65,0.303797468,15.38,0.050632911,516,123,138,261,0.406976744,2.527131783
800000,Chris Wideman,17,70,183,100,1,2015,28,3,4,21,16,3,5,8,0.5,0.375,11.56,0.25,156,14,24,38,0.551282051,1.5
3000000,Casey Cizikas,3,71,200,92,2,2011,26,7,1,19,64,7,10,17,0.27,0.359375,13.22,0.171875,413,44,80,124,0.382566586,1.128329298
4000000,David Savard,3,74,227,94,1,2011,27,7,4,6,81,4,12,16,0.2,0.395061728,19.38,0,407,32,93,125,0.57985258,1.503685504
775000,Nicolas Deslauriers,3,73,215,84,2,2013,26,5,3,16,58,10,4,14,0.24,0.948275862,11.59,0,269,22,22,44,0.895910781,1.044609665
3850000,Cody Eakin,3,72,190,85,2,2011,26,7,1,29,80,11,16,27,0.34,0.275,14.54,0.05,459,76,105,181,0.45751634,1.572984749
742500,Alex DeBrincat,17,67,165,39,1,2017,20,1,2,8,82,28,24,52,0.63,0.073170732,14.8,0,82,28,24,52,0.073170732,2.207317073
2350000,Michael Raffl,2,72,200,300,2,2013,29,5,3,22,76,13,9,22,0.29,0.368421053,13.25,0.052631579,345,64,50,114,0.405797101,1.524637681
1050000,Kevin Connauton,3,74,205,83,2,2013,27,5,4,2,73,11,10,21,0.29,0.273972603,15.18,0.054794521,260,26,42,68,0.596153846,1.476923077
900000,Clayton Keller,17,70,170,7,2,2016,19,2,1,2,82,23,42,65,0.79,0.292682927,18.09,0,85,23,44,67,0.282352941,2.494117647
4000000,Zdeno Chara,14,81,250,56,2,1997,40,20,4,3,73,7,17,24,0.33,0.821917808,22.9,0.123287671,1423,195,433,628,1.292340126,2.168657765
650000,Gabriel Dumont,3,70,190,139,1,2011,27,6,1,21,30,1,1,2,0.07,0.2,9.04,0.433333333,87,4,5,9,0.551724138,1.126436782
5500000,Justin Faulk,17,72,215,37,1,2011,25,7,4,5,76,8,23,31,0.41,0.631578947,22.27,0.092105263,477,74,149,223,0.457023061,2.488469602
650000,Wade Megan,17,73,191,138,2,2016,27,2,1,25,1,0,0,0,0,0,8.35,0,4,1,0,1,0,1.75
750000,Gabriel Bourque,3,70,206,132,2,2011,27,7,3,9,58,5,6,11,0.19,0.206896552,10.9,0.068965517,306,36,53,89,0.189542484,1.196078431
867500,Anton Blidh,16,72,201,180,2,2016,22,2,3,3,1,0,0,0,0,0,10.38,0,20,1,1,2,0.35,1.3
900000,Tyson Jost,3,71,191,10,2,2016,19,2,1,9,65,12,10,22,0.34,0.4,14.63,0.184615385,71,13,10,23,0.366197183,1.718309859
792500,Janne Kuokkanen,8,73,188,43,2,2017,19,1,1,5,4,0,0,0,0,0,11.06,0,4,0,0,0,0,1.5
650000,Byron Froese,3,73,202,119,1,2015,26,3,1,16,48,3,8,11,0.23,0.541666667,11.58,0.083333333,110,5,11,16,0.427272727,1.081818182
1200000,Ben Chiarot,3,75,219,120,2,2013,26,5,4,30,57,2,12,14,0.25,0.561403509,15.28,0,227,7,37,44,0.572687225,0.955947137
742500,Victor Mete,3,69,184,100,2,2017,19,1,4,16,49,0,7,7,0.14,0.081632653,15.59,0.367346939,49,0,7,7,0.081632653,0.87755102
950000,Markus Granlund,8,72,183,45,2,2013,24,5,1,28,53,8,4,12,0.23,0.150943396,16.26,0.075471698,224,43,32,75,0.232142857,1.540178571
2750000,Erik Haula,8,72,193,182,2,2013,26,5,3,29,76,29,26,55,0.72,0.486842105,17.37,0.105263158,342,71,73,144,0.438596491,1.625730994
742500,John Gilmour,3,72,195,198,2,2017,24,1,4,20,28,2,3,5,0.18,0.5,17.18,0,28,2,3,5,0.5,2.178571429
9500000,Evgeni Malkin,13,75,195,2,2,2006,31,12,1,23,78,42,56,98,1.26,1.115384615,18.99,0.051282051,784,370,560,930,1.036989796,3.427295918
675000,Austin Czarnik,17,69,160,300,1,2016,25,2,1,3,10,0,4,4,0.4,0,10.91,0.4,59,5,12,17,0.203389831,1.237288136
675000,MacKenzie Weegar,3,72,212,206,1,2016,24,2,4,13,60,2,6,8,0.13,0.533333333,14.57,0,63,2,6,8,0.571428571,0.968253968
742500,Samuel Girard,3,70,162,47,2,2017,19,1,4,9,73,4,19,23,0.32,0.109589041,17.65,0,73,4,19,23,0.109589041,1.150684932
725000,Joel Hanley,3,71,191,300,2,2015,26,3,4,2,5,0,0,0,0,0,11.13,0,22,0,6,6,0.181818182,0.772727273
10000000,Alex Ovechkin,13,75,235,1,1,2005,32,13,3,31,82,49,38,87,1.06,0.390243902,20.14,0,1003,607,515,1122,0.647058824,4.881355932
732500,Jesper Bratt,16,70,175,162,2,2017,19,1,3,17,74,13,22,35,0.47,0.243243243,15.25,0.013513514,74,13,22,35,0.243243243,1.351351351
7500000,Andrew Ladd,3,75,192,4,2,2005,32,13,3,19,73,12,17,29,0.4,0.328767123,15.89,0.054794521,920,245,281,526,0.595652174,2.233695652
5800000,Blake Wheeler,17,77,225,5,1,2008,31,10,2,30,81,23,68,91,1.12,0.641975309,20.26,0,778,222,383,605,0.658097686,2.641388175
1250000,Dennis Seidenberg,6,72,199,172,2,2002,36,15,4,19,28,0,5,5,0.18,0.607142857,17.88,0,859,44,207,251,0.417927823,1.664726426
800000,Drew Stafford,17,74,215,13,1,2006,32,12,2,17,59,8,7,15,0.25,0.169491525,13.86,0.06779661,784,191,224,415,0.506377551,2.283163265
650000,Darren Archibald,3,75,210,300,2,2013,27,2,2,28,27,4,5,9,0.33,0.518518519,14.86,0,43,5,7,12,0.325581395,0.906976744
800000,Nick Jensen,17,72,194,150,1,2016,27,2,4,11,81,0,15,15,0.19,0.333333333,16.26,0,130,4,24,28,0.3,1.276923077
1000000,Jordan Nolan,3,75,219,186,2,2011,28,7,1,4,69,4,4,8,0.12,1,9.8,0,361,24,26,50,0.922437673,0.781163435
7000000,Vladimir Tarasenko,13,72,225,16,2,2012,26,6,2,25,80,33,33,66,0.83,0.2125,19.06,0.05,421,178,172,350,0.29216152,3.228028504
725000,Ben Sexton,3,71,196,206,1,2017,26,1,1,21,2,0,0,0,0,0,10.28,0,2,0,0,0,0,0.5
6500000,Travis Zajac,3,74,185,20,1,2006,32,12,1,17,63,12,14,26,0.41,0.396825397,17.91,0.063492063,842,167,294,461,0.344418052,1.863420428
650000,Jonny Brodzinski,17,73,217,148,2,2016,24,2,1,14,35,4,2,6,0.17,0.171428571,9.51,0,41,4,4,8,0.195121951,1.707317073
6000000,Mike Green,3,73,207,29,1,2005,32,13,4,11,66,8,25,33,0.5,0.575757576,22.08,0.196969697,787,142,322,464,0.675984752,2.223634053
650000,Nic Dowd,17,74,197,198,1,2015,27,3,1,28,56,3,1,4,0.07,0.5,10.54,0,131,9,17,26,0.419847328,1.007633588
725000,Tyrell Goulbourne,3,71,195,72,2,2017,24,1,3,22,9,0,0,0,0,0.222222222,5.58,0,9,0,0,0,0.222222222,0.222222222
2400000,Blake Comeau,3,73,202,47,1,2006,31,12,3,9,79,13,21,34,0.43,0.632911392,15.87,0.037974684,720,121,164,285,0.630555556,1.761111111
700000,Mattias Janmark,16,73,196,79,2,2015,25,2,1,10,81,19,15,34,0.42,0.296296296,16.93,0.049382716,154,34,29,63,0.25974026,1.584415584
1200000,Anthony Duclair,3,71,191,80,2,2014,22,4,3,8,56,11,12,23,0.41,0.285714286,13.28,0.232142857,213,37,52,89,0.389671362,1.389671362
4500000,Nikita Zaitsev,13,74,195,300,1,2016,26,2,4,27,60,5,8,13,0.22,0.516666667,22.22,0.35,142,9,40,49,0.485915493,1.126760563
2500000,Lee Stempniak,17,71,195,148,1,2005,34,13,2,5,37,3,6,9,0.24,0.108108108,12.47,0.108108108,909,203,266,469,0.359735974,2.050605061
1000000,Brandon Manning,3,73,205,300,2,2011,27,6,4,22,65,7,12,19,0.29,0.861538462,17.95,0.061538462,207,11,32,43,1.024154589,1.367149758
700000,Oliver Bjorkstrand,7,72,177,89,1,2015,22,3,2,6,82,11,29,40,0.49,0.109756098,14.29,0,120,21,40,61,0.125,2.025
6100000,Alex Goligoski,17,71,185,61,2,2007,32,11,4,2,78,12,23,35,0.45,0.333333333,23.28,0.051282051,722,73,275,348,0.351800554,1.612188366
7500000,David Krejci,5,72,188,63,1,2006,31,12,1,3,64,17,27,44,0.69,0.28125,16.88,0.15625,769,174,396,570,0.369310793,1.860858257
650000,Nick Paul,3,76,230,101,2,2015,22,3,3,21,11,1,0,1,0.09,0,7.9,0,36,3,3,6,0.166666667,1.194444444
650000,Justin Auger,3,78,232,103,1,2017,23,1,2,14,2,0,0,0,0,0,7.99,0,2,0,0,0,0,0.5
900000,Andrew Copp,17,73,206,104,2,2014,23,4,1,30,82,9,19,28,0.34,0.170731707,13.73,0,224,25,34,59,0.169642857,1.03125
650000,Ben Harpur,3,78,222,108,2,2015,23,3,4,21,41,0,1,1,0.02,0.512195122,14.89,0.097560976,52,0,2,2,0.442307692,0.615384615
900000,Michal Kempny,5,72,194,300,2,2016,27,2,4,31,53,3,7,10,0.19,0.490566038,15.91,0.075471698,103,5,13,18,0.466019417,1.446601942
700000,Yohann Auvitu,9,71,187,300,2,2016,28,2,4,12,33,3,6,9,0.27,0.242424242,13.56,0.121212121,58,5,8,13,0.172413793,2.120689655
3000000,Ryan Strome,3,73,194,5,1,2013,24,5,1,12,82,13,21,34,0.41,0.402439024,15.22,0,340,58,102,160,0.458823529,1.944117647
4400000,Alexei Emelin,13,74,218,84,2,2011,31,7,4,18,76,1,8,9,0.12,0.526315789,16.88,0.026315789,456,15,66,81,0.796052632,0.894736842
2750000,Andre Burakovsky,16,75,201,23,2,2014,22,4,3,31,56,12,13,25,0.45,0.482142857,13.84,0.071428571,252,50,70,120,0.25,1.531746032
832500,Michael McCarron,17,78,230,25,1,2015,22,3,2,16,18,0,1,1,0.06,1.777777778,8.76,0,69,2,6,8,1.594202899,1.260869565
6000000,Alexander Edler,16,75,214,91,2,2006,31,12,4,28,70,6,28,34,0.49,0.971428571,24.28,0.057142857,758,84,250,334,0.647757256,2.211081794
850000,Marko Dano,14,71,212,27,2,2014,23,4,1,30,23,2,1,3,0.13,0.260869565,7.19,0,130,19,26,45,0.307692308,1.569230769
832500,Morgan Klimchuk,3,72,185,28,2,2017,22,1,3,7,1,0,0,0,0,0,7.42,0,1,0,0,0,0,0
832500,Jason Dickinson,3,74,205,29,2,2015,22,3,1,10,27,0,2,2,0.07,0.62962963,8.53,0,38,3,2,5,0.447368421,0.710526316
832500,Ryan Hartman,17,72,181,30,1,2014,23,4,3,18,78,11,20,31,0.4,0.923076923,13.06,0.012820513,162,30,33,63,0.888888889,1.913580247
832500,Chris Bigras,3,73,190,32,2,2015,22,2,4,9,15,0,1,1,0.07,0.133333333,13.86,0.066666667,46,1,3,4,0.391304348,0.630434783
832500,Adam Erne,17,73,214,33,2,2016,22,2,3,26,23,3,1,4,0.17,0.47826087,10.12,0.260869565,49,6,1,7,0.448979592,1.408163265
725000,Jacob de la Rose,16,75,210,34,2,2014,22,4,3,16,55,4,8,12,0.22,0.527272727,11.85,0,119,8,11,19,0.428571429,0.966386555
685000,Valentin Zykov,13,73,224,37,1,2016,22,2,3,5,10,3,4,7,0.7,0.2,13.71,0,12,4,4,8,0.166666667,1.75
750000,Laurent Dauphin,3,73,180,39,2,2015,22,3,1,2,2,0,0,0,0,1,7.23,7.5,34,3,1,4,0.529411765,1.176470588
700000,Remi Elie,3,73,210,40,2,2016,22,2,3,10,72,6,8,14,0.19,0.25,10.25,0.069444444,90,7,14,21,0.288888889,0.944444444
832500,Robert Hagg,16,74,204,41,2,2016,22,2,4,22,70,3,6,9,0.13,0.457142857,18.14,0.057142857,71,3,6,9,0.450704225,1.323943662
832500,Nic Petan,3,69,179,43,2,2015,22,3,3,30,15,2,0,2,0.13,0.4,8.41,0,95,5,16,21,0.294736842,1.031578947
675000,Gustav Olofsson,16,75,196,46,2,2015,23,3,4,15,41,0,8,8,0.2,0.341463415,12.77,0.12195122,56,0,11,11,0.285714286,0.535714286
827500,Dillon Heatherington,3,76,215,50,2,2017,22,1,4,10,6,0,1,1,0.17,4.333333333,10.85,0,6,0,1,1,4.333333333,1
742500,Carl Dahlstrom,16,76,231,51,2,2017,23,1,4,8,11,0,3,3,0.27,0,17.51,0,11,0,3,3,0,1.090909091
650000,Justin Bailey,17,76,214,52,1,2015,22,3,2,4,12,3,1,4,0.33,0.166666667,11.28,0.416666667,52,5,3,8,0.153846154,1.480769231
750000,Madison Bowey,3,74,198,53,1,2017,22,1,4,31,51,0,12,12,0.24,0.470588235,13.71,0,51,0,12,12,0.470588235,0.921568627
6000000,Marc Staal,3,76,209,12,2,2007,31,11,4,20,72,1,7,8,0.11,0.25,18.53,0.166666667,761,38,126,164,0.504599212,1.105124836
750000,William Carrier,3,74,212,57,2,2016,23,2,3,29,37,1,2,3,0.08,0.513513514,8.84,0.837837838,78,6,5,11,0.512820513,1.307692308
650000,Tyler Bertuzzi,3,72,190,58,2,2016,22,2,3,11,48,7,17,24,0.5,0.8125,14.4,0,55,7,17,24,0.709090909,1.563636364
1300000,Torrey Mitchell,3,71,186,126,1,2007,33,10,1,14,60,6,5,11,0.18,0.5,11.4,0.133333333,666,67,85,152,0.527027027,1.091591592
6500000,Ryan Callahan,17,70,187,127,1,2006,32,12,2,26,67,5,13,18,0.27,0.432835821,13.32,0.134328358,705,179,190,369,0.587234043,2.506382979
650000,Mike Liambas,3,70,196,300,2,2016,28,2,3,1,7,0,1,1,0.14,3,5.29,0.571428571,8,0,1,1,2.625,0.375
892500,Brett Pesce,17,75,200,66,1,2015,23,3,4,5,65,3,16,19,0.29,0.276923077,20.9,0.061538462,216,9,46,55,0.25,1.305555556
1750000,Kris Versteeg,3,71,176,134,1,2007,31,11,2,7,24,3,5,8,0.33,0.25,13.18,0.166666667,643,149,209,358,0.581648523,2.110419907
750000,Nicholas Baptiste,3,73,205,69,1,2016,22,2,2,4,33,4,2,6,0.18,0.424242424,9.97,0,47,7,3,10,0.425531915,1.29787234
5750000,Nathan MacKinnon,3,72,205,1,1,2013,22,5,1,9,74,39,58,97,1.31,0.743243243,19.91,0.054054054,374,114,189,303,0.403743316,3.243315508
5250000,Aleksander Barkov,8,75,213,2,2,2013,22,5,1,13,79,27,51,78,0.99,0.17721519,22.07,0.075949367,331,100,149,249,0.175226586,2.35347432
6500000,Jonathan Drouin,3,72,203,3,2,2014,22,4,1,16,77,13,33,46,0.6,0.38961039,17.6,0.064935065,241,42,99,141,0.348547718,1.858921162
5400000,Seth Jones,17,76,210,4,1,2013,23,5,4,6,78,16,41,57,0.73,0.384615385,24.6,0.038461538,393,45,137,182,0.305343511,1.987277354
2900000,Elias Lindholm,16,73,192,5,1,2013,23,5,1,5,81,16,28,44,0.54,0.222222222,17.89,0.049382716,374,64,124,188,0.203208556,1.92513369
6500000,Sean Monahan,3,75,195,6,2,2013,23,5,1,7,74,31,33,64,0.86,0.324324324,18.68,0.054054054,393,138,143,281,0.208651399,2.363867684
832500,Darnell Nurse,3,76,221,7,2,2014,22,4,4,12,82,6,20,26,0.32,0.817073171,22.25,0,197,14,33,47,0.812182741,2.035532995
5400000,Rasmus Ristolainen,8,76,218,8,1,2013,23,5,4,4,73,6,35,41,0.56,0.657534247,26.5,0.054794521,346,31,120,151,0.494219653,2.147398844
6500000,Bo Horvat,3,72,223,9,2,2014,22,4,1,28,64,22,22,44,0.69,0.15625,19.35,0.0625,295,71,90,161,0.240677966,1.911864407
832500,Samuel Morin,3,78,202,11,2,2016,22,2,4,22,2,0,0,0,0,2,15.81,0,3,0,0,0,1.333333333,1
832500,Max Domi,3,70,195,12,2,2015,22,3,3,2,82,9,36,45,0.55,0.890243902,16.71,0,222,36,99,135,0.833333333,1.864864865
832500,Josh Morrissey,3,72,195,13,2,2015,22,3,4,30,81,7,19,26,0.32,0.580246914,20.45,0,164,13,33,46,0.518292683,1.231707317
3500000,Alexander Wennberg,16,74,196,14,2,2014,23,4,1,6,66,8,27,35,0.53,0.181818182,18.13,0.060606061,283,33,121,154,0.201413428,1.28975265
832500,Ryan Pulock,3,74,214,15,1,2015,23,3,4,19,68,10,22,32,0.47,0.205882353,18.41,0,84,12,24,36,0.226190476,2.369047619
2100000,Nikita Zadorov,13,77,230,16,2,2013,22,5,4,9,77,7,13,20,0.26,1.337662338,19.47,0,222,11,37,48,1.094594595,1.031531532
850000,Curtis Lazar,3,72,209,17,1,2014,22,4,1,7,65,2,10,12,0.18,0.353846154,9.86,0,245,15,36,51,0.240816327,1.065306122
775000,Mirco Mueller,4,75,210,18,2,2014,22,4,4,17,28,0,4,4,0.14,0.142857143,16.68,1.107142857,82,2,8,10,0.256097561,0.743902439
3500000,Radko Gudas,5,72,204,66,1,2012,27,6,4,22,70,2,14,16,0.23,1.185714286,17.1,0.057142857,339,20,65,85,1.522123894,1.808259587
832500,Anthony Mantha,3,77,225,20,2,2015,23,3,2,11,80,24,24,48,0.6,0.65,17.29,0.05,150,43,44,87,0.713333333,2.273333333
832500,Frederik Gauthier,3,77,232,21,2,2015,22,3,1,27,9,1,0,1,0.11,0,8.74,0,37,3,2,5,0.621621622,0.810810811
8000000,Brad Marchand,3,69,181,71,2,2009,29,9,3,3,68,34,51,85,1.25,0.926470588,19.72,0.058823529,602,226,233,459,0.96013289,2.368770764
5500000,Nick Foligno,17,72,202,28,2,2007,30,11,3,6,72,15,18,33,0.46,0.694444444,18.35,0.055555556,768,169,231,400,0.821614583,1.83203125
650000,Jean-Sebastien Dea,3,71,175,300,1,2016,23,2,1,23,5,1,0,1,0.2,0.4,5.49,0,6,1,0,1,0.666666667,0.333333333
710000,Ross Johnston,3,77,235,300,2,2015,23,2,3,19,24,3,3,6,0.25,2.583333333,9.33,0,25,3,3,6,2.64,0.76
2500000,Derek Dorsett,3,72,192,189,1,2008,31,10,2,28,20,7,2,9,0.45,3.7,15.28,3.1,515,51,76,127,2.551456311,1.359223301
680000,Colby Cave,3,73,200,300,2,2017,23,1,1,3,3,0,0,0,0,0.666666667,11.46,0,3,0,0,0,0.666666667,0.666666667
6000000,Taylor Hall,3,73,205,1,2,2010,26,8,3,17,76,39,54,93,1.22,0.447368421,19.14,0.078947368,529,191,283,474,0.56710775,3.321361059
650000,Will O'Neill,17,73,190,210,2,2017,29,1,4,22,1,0,0,0,0,0,9.42,0,1,0,0,0,0,3
670000,Dakota Mermis,17,72,195,300,2,2017,24,1,4,2,9,0,0,0,0,0,10.99,0,9,0,0,0,0,0.777777778
6000000,Erik Johnson,17,76,225,1,1,2007,29,10,4,9,62,9,16,25,0.4,0.935483871,25.44,0.064516129,637,70,192,262,0.656200942,2.169544741
8000000,Kyle Okposo,17,72,220,7,1,2007,29,11,2,4,76,15,29,44,0.58,0.526315789,17.03,0.078947368,670,173,285,458,0.558208955,2.482089552
2000000,Trevor Lewis,17,73,205,17,1,2008,31,10,1,14,68,14,12,26,0.38,0.367647059,15.23,0.088235294,574,61,78,139,0.254355401,1.766550523
1600000,Josh Anderson,3,75,221,95,1,2014,23,4,2,6,63,19,11,30,0.48,0.666666667,18.04,0.063492063,159,37,27,64,0.849056604,2.062893082
3300000,Andrew Cogliano,3,70,177,25,2,2007,30,11,3,1,80,12,23,35,0.44,0.5125,15.2,0,866,157,211,368,0.338337182,1.676674365
2950000,Leo Komarov,8,71,209,180,2,2012,31,5,1,27,74,7,12,19,0.26,0.418918919,15.79,0.094594595,327,52,70,122,0.422018349,1.50764526
3500000,Jamie McGinn,3,73,205,36,2,2008,29,10,3,13,76,13,16,29,0.38,0.434210526,13.45,0.052631579,598,113,100,213,0.436454849,1.745819398
3400000,Brenden Dillon,3,76,225,300,2,2011,27,7,4,24,81,5,17,22,0.27,0.740740741,17.32,0,447,20,58,78,0.914988814,1.199105145
900000,Eric Gryba,3,76,222,68,1,2012,29,6,4,12,21,0,2,2,0.1,1.476190476,14.73,0,279,7,36,43,1.283154122,1.053763441
685000,Giovanni Fiore,3,73,193,300,2,2017,21,1,3,1,1,0,0,0,0,0,7.88,0,1,0,0,0,0,0
8000000,Milan Lucic,3,75,236,50,2,2007,29,11,3,12,82,10,24,34,0.41,0.975609756,15.96,0,811,192,289,481,1.209617756,1.723797781
4500000,Troy Brouwer,3,75,215,214,1,2006,32,12,2,7,76,6,16,22,0.29,0.697368421,13.93,0.052631579,763,169,172,341,0.70904325,1.609436435
5250000,Mikael Granlund,8,70,185,9,2,2012,25,6,2,15,77,21,46,67,0.87,0.233766234,18.78,0.051948052,398,78,190,268,0.246231156,1.932160804
732500,Maxim Mamin,13,74,191,175,2,2017,23,1,1,13,26,3,1,4,0.15,0.269230769,10.52,0,26,3,1,4,0.269230769,1.076923077
2500000,Matt Hunwick,17,71,200,224,2,2007,32,11,4,23,42,4,6,10,0.24,0.5,17.51,0.142857143,521,25,92,117,0.389635317,1.138195777
1100000,Chris Stewart,3,74,242,18,1,2008,30,10,2,7,54,10,6,16,0.3,0.5,10.74,0,652,160,161,321,1.11809816,1.897239264
682500,Curtis Valk,3,69,170,300,2,2017,24,1,1,13,1,0,0,0,0,0,3.42,0,1,0,0,0,0,0
4000000,Matt Beleskey,3,72,203,112,2,2008,29,10,3,20,15,0,0,0,0,1.4,10.97,0,473,75,82,157,0.923890063,1.77167019
775000,Josh Jooris,3,73,197,300,1,2014,27,4,2,23,40,3,3,6,0.15,0.4,9.77,0.025,213,23,32,55,0.408450704,1.38028169
5000000,Bryan Little,3,72,191,12,1,2007,30,11,1,30,82,16,27,43,0.52,0.341463415,16.93,0,754,200,275,475,0.351458886,2.00265252
710000,Ryan Lomberg,3,69,187,300,2,2017,23,1,3,7,7,0,1,1,0.14,2.142857143,6.25,0,7,0,1,1,2.142857143,0.714285714
900000,Adam Gaudette,17,73,170,149,1,2017,21,1,1,28,5,0,0,0,0,0,12.79,0,5,0,0,0,0,1.8
5000000,Cal Clutterbuck,3,71,216,72,1,2007,30,11,2,19,76,8,10,18,0.24,0.697368421,12.79,0.052631579,714,109,97,206,0.756302521,1.824929972
4333333,Dmitry Kulikov,13,73,204,14,2,2009,27,9,4,30,62,3,8,11,0.18,0.35483871,17.07,0.064516129,569,33,121,154,0.611599297,1.274165202
5000000,James Neal,3,74,221,33,2,2008,30,10,3,29,71,25,19,44,0.62,0.338028169,17.18,0.098591549,703,263,232,495,0.753911807,3.100995733
832500,Kerby Rychel,17,73,213,19,2,2014,23,3,3,16,4,1,1,2,0.5,0.5,11.03,0,41,3,11,14,0.463414634,1.048780488
9000000,Claude Giroux,3,71,185,22,1,2007,30,11,1,22,82,34,68,102,1.24,0.243902439,20.36,0,738,214,463,677,0.444444444,2.570460705
1000000,Mike Fisher,3,73,216,44,1,1999,37,18,1,18,16,2,2,4,0.25,0.5,12.34,0,1104,278,311,589,0.738224638,2.113224638
800000,Alex Biega,3,70,193,147,1,2014,29,4,4,28,44,1,8,9,0.2,0.727272727,15.02,0,138,2,18,20,0.52173913,1.333333333
660000,Daniel Winnik,3,74,210,265,2,2007,32,11,3,15,81,6,17,23,0.28,0.333333333,13.57,0,798,82,169,251,0.459899749,1.496240602
6000000,Jordan Staal,3,76,220,2,2,2006,29,12,1,5,79,19,27,46,0.58,0.329113924,19.25,0,843,206,276,482,0.485172005,2.088967972
5750000,Matt Niskanen,17,73,203,28,1,2007,31,11,4,31,68,7,22,29,0.43,0.529411765,22.61,0.073529412,801,56,242,298,0.52309613,1.604244694
650000,Peter Holland,3,74,205,15,2,2011,27,7,1,20,23,1,3,4,0.17,0.304347826,12.39,0,266,36,49,85,0.421052632,1.541353383
675000,Adam Cracknell,3,74,218,279,1,2010,32,8,2,20,5,0,0,0,0,0,7.71,0,208,21,22,43,0.221153846,1.163461538
6000000,Tyler Seguin,3,73,201,2,1,2010,26,8,1,10,82,40,38,78,0.95,0.524390244,20.91,0,590,229,276,505,0.310169492,3.427118644
1000000,Francois Beauchemin,3,71,208,75,2,2002,37,14,4,1,67,3,14,17,0.25,0.388059701,17.31,0,903,76,212,288,0.542635659,1.667774086
1650000,Michael Grabner,2,73,188,14,2,2009,30,9,2,17,80,27,9,36,0.45,0.2,14.82,0.05,553,158,91,249,0.173598553,2.202531646
700000,Brian Gionta,17,67,178,82,1,2001,39,16,2,3,20,2,5,7,0.35,0.1,13.07,0,1026,291,304,595,0.367446394,2.699805068
9000000,Phil Kessel,17,72,202,5,1,2006,30,12,2,23,82,34,58,92,1.12,0.43902439,18.69,0,914,330,411,741,0.295404814,3.328227571
7500000,Jason Spezza,3,75,214,2,1,2002,34,15,1,10,78,8,18,26,0.33,0.153846154,13.01,0.051282051,989,324,564,888,0.530839232,2.52173913
3000000,Jannik Hansen,7,73,198,287,1,2007,31,11,2,24,46,2,12,14,0.3,0.326086957,12.04,0,626,109,147,256,0.450479233,1.571884984
9180000,Mikko Koivu,8,75,215,6,2,2005,34,13,1,15,82,14,31,45,0.55,0.56097561,18.49,0,925,193,466,659,0.585945946,2.277837838
900000,Korbinian Holzer,6,75,214,111,1,2010,29,6,4,1,16,0,0,0,0,0.375,11.62,0,135,4,15,19,0.696296296,0.666666667
3000000,Dan Hamhuis,3,73,204,12,2,2003,35,14,4,10,80,3,21,24,0.3,0.4125,20.19,0.05,1031,59,284,343,0.602327837,1.429679922
1000000,Ales Hemsky,5,72,177,13,1,2002,34,15,2,16,7,0,0,0,0,1.428571429,9.92,10.57142857,845,174,398,572,0.417751479,1.952662722
7500000,Nicklas Backstrom,16,73,210,4,2,2007,30,11,1,31,81,21,50,71,0.88,0.567901235,19.66,0.012345679,815,209,590,799,0.512883436,2.126380368
4000000,Michael Frolik,5,73,194,10,2,2008,29,10,2,7,70,10,15,25,0.36,0.371428571,16.92,0.171428571,728,137,199,336,0.361263736,2.42032967
650000,Nate Prosser,17,74,206,300,1,2009,31,9,4,15,57,3,6,9,0.16,0.333333333,13.46,0,339,10,37,47,0.675516224,0.522123894
5000000,Artem Anisimov,13,76,198,54,2,2008,29,10,1,8,72,20,11,31,0.43,0.305555556,16.79,0.055555556,625,148,162,310,0.304,1.7936
2125000,Shawn Matthias,3,76,231,47,2,2007,29,11,3,30,27,1,2,3,0.11,0.37037037,11.17,0.888888889,551,90,84,174,0.326678766,1.540834846
650000,Matt Irwin,3,73,207,300,2,2012,30,6,4,18,50,2,6,8,0.16,0.16,13.43,0,279,21,51,72,0.347670251,1.727598566
5250000,Nikolay Kulemin,13,73,228,44,2,2008,31,10,3,19,13,1,2,3,0.23,0,11.94,5.153846154,669,121,153,274,0.258594918,1.487294469
5250000,Andrew MacDonald,3,73,204,160,2,2008,31,10,4,22,66,6,15,21,0.32,0.454545455,19.85,0.075757576,539,28,124,152,0.478664193,1.025974026
1000000,Michael Cammalleri,3,69,185,49,2,2002,35,15,3,12,66,7,22,29,0.44,0.272727273,13.77,0.060606061,906,294,348,642,0.469094923,2.725165563
900000,Chris Thorburn,3,75,235,50,1,2005,34,13,2,25,50,1,6,7,0.14,1.2,7.04,0,800,53,81,134,1.21,0.86375
5000000,Jason Pominville,17,72,180,55,1,2003,35,14,2,4,82,16,18,34,0.41,0.097560976,14.9,0,987,277,419,696,0.197568389,2.673758865
13800000,Jonathan Toews,3,74,201,3,2,2007,29,11,1,8,74,20,32,52,0.7,0.635135135,19.69,0.108108108,791,292,382,674,0.552465234,2.624525917
6000000,Artemi Panarin,13,71,168,300,1,2015,26,3,3,6,81,27,55,82,1.01,0.320987654,20.13,0,243,88,145,233,0.325102881,2.576131687
7250000,Kris Letang,3,72,201,62,1,2006,30,12,4,23,79,9,42,51,0.65,0.708860759,25.33,0.050632911,682,96,341,437,0.724340176,2.53372434
5000000,Tomas Plekanec,5,71,193,71,2,2003,35,14,1,27,77,6,20,26,0.34,0.584415584,15.14,0,998,232,375,607,0.544088176,2.356713427
4500000,Mathieu Perreault,3,70,188,177,2,2009,30,9,1,30,70,17,22,39,0.56,0.542857143,14.46,0.057142857,496,108,171,279,0.5,1.673387097
1900000,Dalton Prout,3,75,230,154,1,2011,27,7,4,17,4,0,0,0,0,3.25,13.99,0,242,6,30,36,1.26446281,0.929752066
8000000,Alexander Radulov,13,73,201,15,2,2006,31,5,2,10,82,27,45,72,0.88,0.87804878,20.13,0,312,92,136,228,0.666666667,2.128205128
5000000,Kris Russell,3,70,173,67,2,2007,30,11,4,12,78,4,17,21,0.27,0.102564103,19.07,0.076923077,719,43,168,211,0.303198887,1.275382476
800000,Patrick Sharp,3,73,200,95,1,2002,36,15,3,8,70,10,11,21,0.3,0.2,12.88,0,939,287,333,620,0.570820021,2.881789137
5000000,Christopher Tanev,3,74,195,300,1,2010,28,8,4,28,42,2,9,11,0.26,0.19047619,19.78,0.261904762,390,18,68,86,0.158974359,0.717948718
4500000,Mats Zuccarello,12,68,179,300,2,2010,30,8,2,20,80,16,37,53,0.66,0.45,18.92,0.05,463,102,213,315,0.412526998,2.090712743
1975000,Vladislav Namestnikov,13,71,180,27,2,2013,25,5,1,20,81,22,26,48,0.59,0.555555556,17.09,0,282,55,72,127,0.489361702,1.507092199
1100000,Roman Polak,5,74,235,180,1,2006,31,12,4,27,54,2,10,12,0.22,0.851851852,17.64,0.074074074,688,25,102,127,0.799418605,1
1800000,Calle Jarnkrok,16,71,186,51,1,2013,26,5,1,18,68,16,19,35,0.51,0.176470588,15.89,0.058823529,316,56,67,123,0.231012658,1.493670886
1600000,Oscar Lindberg,16,73,202,57,2,2014,26,4,1,29,63,9,2,11,0.17,0.222222222,11.78,0.222222222,197,30,29,59,0.45177665,1.436548223
1300000,Martin Marincin,14,77,212,46,2,2013,25,5,4,27,2,0,0,0,0,1,16.68,0,177,3,22,25,0.474576271,0.807909605
650000,Justin Holl,17,75,205,54,1,2017,26,1,4,27,2,2,0,2,1,0,17.36,0,2,2,0,2,0,1
2250000,David Schlemko,3,73,189,300,2,2008,30,10,4,16,37,1,4,5,0.14,0.162162162,18.06,0.108108108,397,18,74,92,0.302267003,1.329974811
2000000,Jason Zucker,17,71,187,59,2,2011,26,7,3,15,82,33,31,64,0.78,0.536585366,16.96,0,330,97,75,172,0.375757576,2.303030303
4400000,Tyler Toffoli,3,72,197,47,1,2012,25,6,1,14,82,24,23,47,0.57,0.195121951,16.12,0,375,108,114,222,0.285333333,2.594666667
2825000,Ryan Spooner,3,70,187,45,2,2012,26,6,1,20,59,13,28,41,0.69,0.06779661,15.29,0.06779661,273,45,113,158,0.223443223,1.952380952
1400000,Johan Larsson,16,71,198,56,2,2012,25,6,1,4,80,4,13,17,0.21,0.6125,14.11,0,258,26,39,65,0.492248062,1.174418605
650000,Mark Alt,17,76,201,53,1,2014,26,2,4,9,15,0,0,0,0,0.133333333,12.45,0,16,0,0,0,0.125,0.6875
800000,Stephen Johns,17,76,221,60,1,2015,25,3,4,10,75,8,7,15,0.2,0.546666667,17.54,0.053333333,150,13,15,28,0.553333333,1.5
650000,Greg McKegg,3,72,191,62,2,2013,25,5,1,23,26,2,2,4,0.15,0.307692308,9.68,0,91,7,6,13,0.351648352,0.802197802
750000,Connor Brickley,17,72,203,50,2,2015,25,2,1,13,44,4,8,12,0.27,0.431818182,11.89,0.090909091,67,5,12,17,0.492537313,1.119402985
1750000,Jordan Weal,3,70,179,70,1,2015,25,3,1,22,69,8,13,21,0.3,0.173913043,12.95,0.072463768,106,16,17,33,0.226415094,1.462264151
650000,Michael Bournival,3,71,198,71,2,2013,25,4,3,26,5,0,0,0,0,0,9.35,0,113,12,10,22,0.212389381,1.194690265
842500,Markus Nutivaara,8,73,191,189,2,2016,23,2,4,6,61,7,16,23,0.38,0.229508197,16.03,0.06557377,127,9,21,30,0.157480315,1.141732283
4000000,Kevin Bieksa,3,73,197,151,1,2005,36,13,4,1,59,0,8,8,0.14,1.406779661,18.02,0.254237288,808,63,215,278,1.391089109,1.777227723
10000000,Evgeny Kuznetsov,13,74,204,26,2,2013,25,5,1,31,79,27,56,83,1.05,0.607594937,18.81,0.037974684,340,80,185,265,0.458823529,2.055882353
3500000,Charlie Coyle,17,75,221,28,1,2012,25,6,1,15,66,11,26,37,0.56,0.272727273,16.53,0.060606061,419,81,133,214,0.405727924,1.720763723
945000,Patrik Nemeth,16,75,219,41,2,2013,25,5,4,9,68,3,12,15,0.22,0.602941176,19.86,0.073529412,176,3,26,29,0.460227273,0.988636364
1275000,Jon Merrill,17,75,205,38,2,2013,25,5,4,29,34,1,2,3,0.09,0.647058824,16.09,0.588235294,250,7,32,39,0.44,0.8
1000000,Tyler Pitlick,17,74,200,31,1,2013,26,4,1,10,80,14,13,27,0.34,0.425,13.68,0.05,138,25,16,41,0.31884058,1.52173913
1250000,Cody McLeod,3,74,210,300,2,2007,33,11,3,20,48,1,3,4,0.08,2.3125,7.38,0.0625,738,71,55,126,2.117886179,1.108401084
3500000,Brock Nelson,17,75,212,30,2,2013,26,5,1,19,82,19,16,35,0.43,0.524390244,14.73,0,398,99,89,188,0.364321608,2.005025126
1850000,Alexander Petrovic,3,76,206,36,1,2012,25,6,4,13,67,2,11,13,0.19,1.462686567,14.66,0.059701493,228,5,43,48,1.464912281,0.903508772
650000,Devante Smith-Pelly,3,72,223,42,1,2011,25,7,2,31,75,7,9,16,0.21,0.506666667,12.35,0,341,40,53,93,0.357771261,1.381231672
750000,Mike Blunden,3,76,217,43,1,2006,31,11,2,21,1,0,0,0,0,0,6.52,0,127,7,6,13,1.141732283,0.866141732
3850000,Nick Bjugstad,17,78,218,19,1,2012,25,6,1,13,82,19,29,48,0.59,0.5,15.12,0,362,82,97,179,0.44198895,2.488950276
650000,Beau Bennett,17,74,195,20,1,2012,26,6,2,25,6,0,0,0,0,0,10.8,0,200,24,40,64,0.26,1.485
650000,Derek Forbort,17,76,215,15,2,2015,25,3,4,14,78,1,17,18,0.23,0.628205128,20.79,0.076923077,174,4,34,38,0.689655172,1.103448276
2600000,Kevin Hayes,17,77,217,24,2,2014,25,4,1,20,76,25,19,44,0.58,0.236842105,17.35,0.078947368,310,73,101,174,0.283870968,1.803225806
4000000,Cam Fowler,17,73,215,12,2,2010,26,8,4,1,67,8,24,32,0.48,0.417910448,24.85,0.104477612,561,53,196,249,0.258467023,1.6114082
7500000,Paul Stastny,17,72,193,44,2,2006,32,12,1,30,82,16,37,53,0.65,0.219512195,18.3,0.012195122,824,220,426,646,0.466019417,2.141990291
1000000,Austin Watson,17,76,204,18,1,2012,26,4,3,18,76,14,5,19,0.25,1.618421053,12.33,0.039473684,216,23,24,47,1.175925926,1.134259259
5500000,Jaden Schwartz,3,70,190,14,2,2011,25,7,3,25,62,24,35,59,0.95,0.419354839,19.39,0.064516129,380,113,158,271,0.260526316,2.176315789
10900000,Sidney Crosby,3,71,200,1,2,2005,30,13,1,23,82,29,60,89,1.09,0.56097561,20.69,0,864,411,705,1116,0.719907407,3.290509259
2075000,Riley Sheahan,3,75,214,21,2,2011,26,7,1,23,81,11,21,32,0.4,0.098765432,14.67,0,365,49,81,130,0.164383562,1.457534247
5000000,Jack Johnson,17,73,227,3,2,2006,31,12,4,6,77,3,8,11,0.14,0.285714286,19.55,0,788,66,212,278,0.576142132,1.610406091
1150000,Benoit Pouliot,3,75,200,4,2,2006,31,12,3,4,74,13,6,19,0.26,0.297297297,13.68,0,625,130,133,263,0.5936,1.5472
1950000,Andrej Sustr,5,79,220,300,1,2012,27,6,4,26,44,2,5,7,0.16,0.409090909,12.84,0,318,10,53,63,0.443396226,0.940251572
650000,Chris Wagner,17,72,198,122,1,2014,26,4,1,19,79,7,9,16,0.2,0.46835443,13.28,0,174,17,12,29,0.41954023,1.120689655
13000000,Anze Kopitar,15,75,224,11,2,2006,30,12,1,14,82,35,57,92,1.12,0.243902439,22.08,0,922,290,538,828,0.268980477,2.504338395
1100000,Jussi Jokinen,8,72,191,192,2,2005,34,13,3,28,60,5,12,17,0.28,0.2,11.58,0,951,191,372,563,0.396424816,1.680336488
6000000,Jeff Skinner,3,71,200,7,2,2010,25,8,3,5,82,24,25,49,0.6,0.414634146,16.71,0,579,204,175,379,0.462867012,3.297063903
2000000,Zach Hyman,3,73,213,123,1,2015,25,3,1,27,82,15,25,40,0.49,0.451219512,17.36,0,180,29,45,74,0.472222222,1.894444444
5250000,Martin Hanzal,5,78,230,17,2,2007,30,11,1,10,38,5,5,10,0.26,0.605263158,14.11,0.105263158,666,126,210,336,0.855855856,2.054054054
1000000,Deryk Engelland,3,74,214,194,1,2009,35,9,4,29,79,5,18,23,0.29,0.303797468,20.28,0.050632911,548,27,82,109,0.95620438,1.032846715
3500000,Erik Gudbranson,3,77,220,3,1,2011,26,7,4,28,52,2,3,5,0.1,0.673076923,18.42,0.307692308,391,14,40,54,1.020460358,1.260869565
3000000,Conor Sheary,17,68,175,300,2,2015,25,3,3,23,79,18,12,30,0.38,0.126582278,13.95,0.050632911,184,48,45,93,0.217391304,1.885869565
1500000,Brett Connolly,3,75,195,6,1,2011,25,7,2,31,70,15,12,27,0.39,0.428571429,12,0.1,346,57,52,109,0.497109827,1.277456647
8000000,Ryan Johansen,3,75,218,4,1,2011,25,7,1,18,79,15,39,54,0.68,0.987341772,18.55,0.037974684,512,116,226,342,0.62109375,2.12890625
8000000,T.J. Oshie,17,71,195,24,1,2008,31,10,2,31,74,18,29,47,0.64,0.418918919,18.41,0.135135135,665,187,277,464,0.511278195,2.081203008
700000,Brendan Gaunce,3,74,217,26,2,2015,23,3,1,28,37,4,2,6,0.16,0.27027027,13.31,0.108108108,114,5,7,12,0.394736842,1.228070175
1950000,Mark Pysyk,3,73,200,23,1,2012,26,6,4,13,82,3,13,16,0.2,0.243902439,18.76,0,289,12,47,59,0.276816609,1.079584775
900000,Trevor van Riemsdyk,17,74,188,300,1,2014,26,4,4,5,79,3,13,16,0.2,0.253164557,17.05,0.037974684,237,11,36,47,0.345991561,1.223628692
650000,Ryan Carpenter,17,72,200,300,1,2015,27,3,1,29,52,9,6,15,0.29,0.211538462,12.6,0,64,11,8,19,0.234375,1.640625
4600000,Nino Niederreiter,4,74,216,5,2,2010,25,7,2,15,63,18,14,32,0.51,0.571428571,15,0.063492063,452,103,105,208,0.480088496,1.89380531
850000,Christian Folin,16,75,204,300,1,2013,26,5,4,14,65,3,10,13,0.2,0.461538462,15.66,0.092307692,183,7,29,36,0.43715847,0.819672131
650000,Jordan Oesterle,17,72,182,300,2,2014,25,4,4,8,55,5,10,15,0.27,0.145454545,20.52,0,80,5,16,21,0.1,1.65
4250000,Marc-Edouard Vlasic,3,73,205,35,2,2006,30,12,4,24,81,11,21,32,0.4,0.419753086,22.55,0.012345679,893,64,222,286,0.427771557,1.41881299
825000,Taylor Chorney,17,72,193,36,2,2008,30,8,4,6,25,1,3,4,0.16,0.32,13.14,0,166,4,18,22,0.337349398,0.692771084
1300000,Joakim Nordstrom,16,73,189,90,2,2013,25,5,3,5,75,2,5,7,0.09,0.08,10.57,0.106666667,282,20,29,49,0.145390071,1.241134752
687500,Michael Chaput,3,74,204,89,2,2013,25,5,1,28,9,0,0,0,0,0.555555556,9.79,0,135,6,11,17,0.459259259,0.777777778
1000000,Johnny Oduya,16,72,191,221,2,2006,36,12,4,22,52,4,4,8,0.15,0.615384615,17.11,0.192307692,850,41,149,190,0.437647059,0.983529412
660000,Bryan Rust,17,71,192,80,1,2014,25,4,2,23,69,13,25,38,0.55,0.376811594,16.05,0.057971014,181,33,46,79,0.276243094,1.850828729
5000000,Justin Abdelkader,17,74,214,42,2,2007,30,11,3,11,75,13,22,35,0.47,1.04,16.55,0.053333333,619,100,130,230,0.880452342,1.7819063
3000000,Adam McQuaid,3,76,212,55,1,2009,31,9,4,3,38,1,3,4,0.11,1.631578947,15.7,0.947368421,462,13,53,66,1.411255411,0.811688312
1900000,Joonas Donskoi,8,72,190,99,1,2015,25,3,2,24,66,14,18,32,0.48,0.393939394,14.97,0.181818182,203,31,54,85,0.275862069,1.630541872
2750000,Brendan Gallagher,3,69,181,147,1,2012,25,6,2,16,82,31,23,54,0.66,0.414634146,16.16,0,406,118,121,239,0.57635468,3.004926108
7500000,Keith Yandle,17,73,196,105,2,2006,31,12,4,13,82,8,48,56,0.68,0.426829268,24.49,0,825,85,381,466,0.598787879,2.254545455
660000,Tom Kuhnhackl,6,74,196,110,2,2015,26,3,2,23,69,2,6,8,0.12,0.086956522,10.02,0.115942029,168,11,28,39,0.285714286,0.976190476
700000,Marcus Sorensen,16,71,175,106,2,2016,25,2,3,24,32,5,2,7,0.22,0.15625,10.15,0,51,6,5,11,0.176470588,1.019607843
5000000,Valtteri Filppula,8,72,196,95,2,2005,33,13,1,22,81,11,22,33,0.41,0.24691358,16.48,0.012345679,876,168,295,463,0.335616438,1.448630137
1000000,Cody Franson,3,77,224,79,1,2009,30,9,4,8,23,1,6,7,0.3,0.347826087,16.62,0.173913043,550,43,169,212,0.367272727,1.561818182
4000000,Vladimir Sobotka,5,70,184,106,2,2007,30,9,3,25,81,11,20,31,0.38,0.617283951,17.12,0.012345679,463,47,108,155,0.717062635,1.354211663
650000,Tim Heed,16,72,185,132,1,2016,27,2,4,24,29,3,8,11,0.38,0.275862069,16.02,0.172413793,30,3,8,11,0.266666667,1.733333333
875000,Kenny Agostino,17,72,202,140,2,2013,25,4,3,3,5,0,1,1,0.2,0.8,12.04,0,22,2,4,6,0.272727273,1.954545455
1150000,Robert Bortuzzo,3,76,216,78,1,2011,28,7,4,25,72,4,9,13,0.18,0.569444444,14.8,0.055555556,276,12,30,42,1.101449275,1.039855072
725000,Daniel Carr,3,72,193,300,2,2015,26,3,3,16,38,6,10,16,0.42,0.210526316,12.13,0,94,14,20,34,0.234042553,1.436170213
1750000,Jesper Fast,16,72,191,157,1,2013,26,5,2,20,71,13,20,33,0.46,0.366197183,14.88,0.056338028,287,35,63,98,0.243902439,0.940766551
650000,Chris Butler,17,73,196,96,2,2008,31,10,4,25,6,0,0,0,0,0.333333333,13.31,0,394,13,71,84,0.474619289,1.002538071
6500000,Oliver Ekman-Larsson,16,74,200,6,2,2010,26,8,4,2,82,14,28,42,0.51,0.536585366,23.68,0,576,102,188,290,0.625,2.319444444
900000,Jared Boll,17,75,206,101,1,2007,31,11,2,1,10,1,0,1,0.1,1.6,4.43,1.5,579,28,38,66,2.2417962,0.656303972
1000000,Tom Pyatt,3,71,185,107,2,2009,30,7,3,21,81,7,15,22,0.27,0.12345679,14.05,0.012345679,408,43,56,99,0.169117647,1.208333333
4000000,Niklas Hjalmarsson,16,75,197,108,2,2007,30,11,4,2,48,1,8,9,0.19,0.375,20.7,0.416666667,671,24,128,152,0.381520119,0.922503726
650000,Garnet Hathaway,17,74,208,300,1,2015,26,3,2,7,59,4,9,13,0.22,1.491525424,11.53,0,99,5,16,21,1.646464646,1.02020202
650000,Anthony Bitetto,17,73,210,168,2,2014,27,4,4,18,32,1,2,3,0.09,0.84375,13.44,0,96,2,14,16,0.8125,0.65625
1550000,Brandon Davidson,3,74,208,162,2,2014,26,4,4,19,51,4,3,7,0.14,0.450980392,16.82,0.058823529,152,9,13,22,0.414473684,1.151315789
650000,Frederick Gaudreau,3,72,179,300,1,2016,24,2,1,18,20,0,3,3,0.15,0.1,9.16,0,29,0,4,4,0.068965517,0.75862069
1000000,Jaromir Jagr,5,75,230,5,2,1990,45,24,2,7,22,1,6,7,0.32,0.454545455,13.05,0.181818182,1733,766,1155,1921,0.673398731,3.252740912
2000000,Melker Karlsson,16,72,180,300,1,2014,27,4,1,24,71,8,11,19,0.27,0.366197183,13.25,0.056338028,256,42,42,84,0.328125,1.34765625
650000,Freddie Hamilton,3,73,195,129,1,2013,26,5,1,2,16,0,1,1,0.06,0.125,8.98,0,75,4,2,6,0.16,0.973333333
650000,Kevin Gravel,17,76,212,148,2,2015,25,3,4,14,16,0,3,3,0.19,0.125,14.03,0,70,1,9,10,0.114285714,1.057142857
1450000,Pierre-Edouard Bellemare,9,72,198,300,2,2014,32,4,3,29,72,6,10,16,0.22,0.194444444,12.33,0.097222222,309,23,27,50,0.25566343,1.284789644
650000,Tomas Nosek,5,75,210,300,2,2015,25,3,3,29,67,7,8,15,0.22,0.208955224,11.09,0.059701493,84,8,8,16,0.214285714,1.345238095
9000000,Aaron Ekblad,3,76,216,1,1,2014,21,4,4,13,82,16,22,38,0.46,0.865853659,23.39,0,309,53,81,134,0.653721683,2.478964401
832500,Sam Reinhart,3,73,192,2,1,2014,22,4,1,4,82,25,25,50,0.61,0.317073171,17.1,0,249,65,75,140,0.176706827,2.144578313
9000000,Leon Draisaitl,6,74,215,3,2,2014,22,4,1,12,78,25,45,70,0.9,0.384615385,19.32,0.051282051,269,75,132,207,0.275092937,2.037174721
1950000,Sam Bennett,3,73,200,4,2,2014,21,4,1,7,82,11,15,26,0.32,0.719512195,14.4,0,241,42,47,89,0.709543568,1.726141079
832500,Michael Dal Colle,3,75,204,5,2,2017,21,1,3,19,4,0,0,0,0,0,13.35,0,4,0,0,0,0,0.25
832500,Jake Virtanen,3,73,229,6,1,2015,21,3,2,28,75,10,10,20,0.27,0.613333333,11.99,0.053333333,140,17,17,34,0.664285714,1.692857143
832500,Haydn Fleury,3,75,221,7,2,2017,21,1,4,5,67,0,8,8,0.12,0.208955224,16.8,0,67,0,8,8,0.208955224,1.28358209
832500,William Nylander,16,72,191,8,1,2015,21,3,1,27,82,20,41,61,0.74,0.12195122,16.69,0,185,48,87,135,0.248648649,2.335135135
832500,Nikolaj Ehlers,7,72,172,9,2,2015,21,3,3,30,82,29,31,60,0.73,0.317073171,16.08,0,236,69,93,162,0.360169492,2.550847458
832500,Nick Ritchie,3,74,234,10,2,2015,22,3,3,1,76,10,17,27,0.36,0.947368421,13.18,0.092105263,186,26,33,59,0.919354839,1.752688172
832500,Kevin Fiala,4,70,193,11,2,2014,21,4,3,18,80,23,25,48,0.6,0.325,15.15,0.05,140,35,30,65,0.314285714,2.25
832500,Brendan Perlini,3,75,211,12,2,2016,21,2,3,2,74,17,13,30,0.41,0.378378378,14.51,0.054054054,131,31,20,51,0.366412214,1.687022901
832500,Jakub Vrana,5,72,197,13,2,2016,21,2,3,31,73,13,14,27,0.37,0.164383562,12.5,0,94,16,17,33,0.14893617,1.755319149
832500,Julius Honka,8,71,186,14,1,2016,22,2,4,10,42,1,3,4,0.1,0.333333333,13.01,0.023809524,58,2,7,9,0.310344828,1.310344828
832500,Sonny Milano,17,72,195,16,2,2015,21,3,3,6,55,14,8,22,0.4,0.181818182,11.65,0.236363636,62,14,9,23,0.161290323,1.177419355
750000,Nathan Gerbe,17,64,176,142,2,2008,30,9,1,6,2,0,0,0,0,0,8.6,0,396,58,80,138,0.434343434,2.411616162
650000,Zach Trotman,17,75,217,210,1,2013,27,4,4,23,3,0,0,0,0,0,12.78,0,70,3,9,12,0.314285714,1.657142857
832500,Kasperi Kapanen,8,73,187,22,1,2015,21,3,2,27,38,7,2,9,0.24,0.105263158,11.25,0,55,8,2,10,0.109090909,1.454545455
3500000,John Klingberg,16,74,177,131,1,2014,25,4,4,10,82,8,59,67,0.82,0.317073171,24.07,0,303,42,172,214,0.402640264,1.97029703
700000,Cal O'Reilly,3,72,188,150,2,2008,31,7,1,15,1,0,0,0,0,0,8.27,0,145,16,33,49,0.096551724,0.717241379
8000000,David Pastrnak,5,72,188,25,1,2014,21,4,2,3,82,35,45,80,0.98,0.451219512,17.97,0,254,94,109,203,0.38976378,2.791338583
832500,Nikita Scherbak,13,74,192,26,2,2016,22,2,2,16,26,4,2,6,0.23,0.307692308,13.38,0.153846154,29,5,2,7,0.275862069,1.448275862
832500,Nikolay Goldobin,13,71,185,27,2,2015,22,3,2,28,38,8,6,14,0.37,0.157894737,12.33,0,61,12,7,19,0.098360656,1.163934426
832500,Joshua Ho-Sang,3,72,173,28,1,2016,22,2,2,19,22,2,10,12,0.55,0.090909091,14.28,0,43,6,16,22,0.325581395,0.930232558
842500,John Quenneville,3,73,195,30,2,2016,21,2,1,17,2,0,0,0,0,0,13.29,4,14,1,3,4,0.142857143,1.857142857
892500,Brendan Lemieux,17,73,210,31,2,2017,21,1,3,30,9,1,0,1,0.11,2.333333333,7.94,0,9,1,0,1,2.333333333,0.666666667
650000,Ivan Barbashev,13,72,187,33,2,2016,22,2,1,25,53,7,6,13,0.25,0.075471698,12.2,0,83,12,13,25,0.072289157,0.78313253
825000,Marcus Pettersson,16,76,180,38,2,2017,21,1,4,1,22,1,3,4,0.18,0.272727273,13.61,0,22,1,3,4,0.272727273,0.727272727
767500,Roland McKeown,3,73,195,50,1,2017,22,1,4,5,10,0,3,3,0.3,1.9,13.41,0,10,0,3,3,1.9,0.7
650000,Nathan Walker,1,69,186,89,2,2017,23,1,3,12,9,1,0,1,0.11,0.666666667,9.45,0,9,1,0,1,0.666666667,0.666666667
875000,Ryan Donato,17,72,181,56,2,2017,21,1,1,3,12,5,4,9,0.75,0.166666667,14.7,0,12,5,4,9,0.166666667,2
892500,Christian Dvorak,17,72,195,58,2,2016,21,2,1,2,78,15,22,37,0.47,0.282051282,16.43,0.051282051,156,30,40,70,0.282051282,1.532051282
742500,Dominic Turgeon,3,74,200,63,2,2017,21,1,1,11,5,0,0,0,0,0.4,9.23,0,5,0,0,0,0.4,0.6
650000,Marek Hrivik,14,74,197,300,1,2015,26,3,3,7,3,0,0,0,0,0,8.51,8,24,0,3,3,0.083333333,0.833333333
730000,Warren Foegele,3,74,190,67,2,2017,21,1,3,5,2,2,1,3,1.5,0,11.93,0,2,2,1,3,0,3
650000,Brett Lernout,3,76,214,73,1,2015,22,3,4,16,18,0,1,1,0.06,0.333333333,16.73,0,21,0,1,1,0.285714286,0.80952381
1800000,Mark Letestu,3,70,195,300,1,2009,32,9,1,6,80,9,14,23,0.29,0.125,12.85,0,558,93,117,210,0.161290323,1.551971326
4500000,Anton Stralman,16,71,190,216,1,2007,31,11,4,26,80,4,14,18,0.23,0.225,21.49,0.025,702,45,180,225,0.346153846,1.474358974
742500,Michael Amadio,3,73,204,90,1,2017,21,1,1,14,37,4,4,8,0.22,0.216216216,9.31,0,37,4,4,8,0.216216216,0.756756757
2400000,Antoine Roussel,9,71,195,300,2,2012,28,6,3,10,73,5,12,17,0.23,1.726027397,12.43,0.082191781,413,64,77,141,1.95157385,1.331719128
725000,Lucas Wallmark,16,72,176,97,2,2016,22,2,1,5,11,1,0,1,0.09,0.181818182,9.49,0,19,1,2,3,0.210526316,1.421052632
2750000,Ben Lovejoy,17,73,205,300,1,2008,33,10,4,17,57,2,6,8,0.14,0.438596491,16.59,0,473,18,74,92,0.528541226,1.315010571
650000,Erik Burgdoerfer,17,73,207,300,1,2016,29,2,4,21,2,0,1,1,0.5,0,13.42,0,4,0,1,1,0,1
4750000,Patric Hornqvist,16,71,189,230,1,2008,31,10,2,23,70,29,20,49,0.7,0.828571429,17.32,0.057142857,649,203,208,411,0.513097072,3.244992296
792500,Justin Kloos,17,69,180,300,1,2017,24,1,1,15,1,0,0,0,0,2,8.65,0,1,0,0,0,2,0
4250000,Viktor Arvidsson,16,69,180,112,1,2014,24,4,3,18,78,29,32,61,0.78,0.461538462,17.75,0.051282051,220,68,70,138,0.45,2.913636364
5250000,Tyson Barrie,3,70,190,64,1,2011,26,7,4,9,68,14,43,57,0.84,0.323529412,22.7,0.073529412,406,61,187,248,0.312807882,2.081280788
650000,Andrew Crescenzi,3,77,207,300,2,2017,25,1,1,14,2,0,0,0,0,1,7.86,0,2,0,0,0,1,0
725000,Dennis Rasmussen,16,75,192,300,2,2015,27,3,1,1,27,1,3,4,0.15,0.296296296,8.91,0,139,9,12,21,0.172661871,0.992805755
742500,Anton Lindholm,16,71,191,144,2,2016,23,2,4,9,48,0,4,4,0.08,0.291666667,13.17,0.1875,60,0,4,4,0.266666667,0.483333333
4450000,Alex Killorn,3,73,196,77,2,2012,28,6,3,26,82,15,32,47,0.57,0.548780488,16.5,0,435,87,134,221,0.616091954,2.002298851
6000000,Karl Alzner,3,75,217,5,2,2008,29,10,4,16,82,1,11,12,0.15,0.487804878,20.08,0,673,20,109,129,0.32243685,0.910846954
650000,Justin Falk,3,77,223,110,2,2009,29,9,4,4,46,1,1,2,0.04,0.608695652,16.09,0.260869565,269,3,30,33,0.773234201,0.721189591
13000000,Jamie Benn,3,74,209,129,2,2009,28,9,3,10,82,36,43,79,0.96,0.658536585,19.82,0,667,254,342,596,0.755622189,2.83808096
3250000,Dan Girardi,3,73,212,300,1,2006,33,12,4,26,77,6,12,18,0.23,0.350649351,17.39,0.077922078,865,52,196,248,0.349132948,1.341040462
722500,Sammy Blais,3,74,205,176,2,2017,21,1,3,25,11,1,2,3,0.27,0.545454545,10.77,1.181818182,11,1,2,3,0.545454545,0.818181818
4100000,Nick Bonino,17,73,196,173,2,2009,29,9,1,18,71,12,13,25,0.35,0.281690141,15.64,0.154929577,478,87,125,212,0.286610879,1.60460251
2500000,Ian Cole,17,73,219,18,2,2010,28,8,4,6,67,5,15,20,0.3,1.134328358,17.78,0.059701493,405,20,77,97,0.879012346,1.044444444
650000,Christopher DiDomenico,3,71,174,164,1,2016,28,2,3,21,24,6,4,10,0.42,0.333333333,11.79,0,27,6,4,10,0.518518519,1.037037037
650000,Jim O'Brien,17,75,195,29,1,2010,29,5,1,21,10,0,1,1,0.1,0,8.76,0,77,8,5,13,0.207792208,1.298701299
3800000,Justin Braun,17,74,205,201,1,2010,30,8,4,24,81,5,28,33,0.41,0.345679012,21.33,0.049382716,529,22,116,138,0.361058601,1.406427221
4500000,Darren Helm,3,72,196,132,2,2007,31,11,3,11,75,13,18,31,0.41,0.52,15.57,0.066666667,568,93,117,210,0.301056338,2.024647887
8000000,Kevin Shattenkirk,17,72,200,14,1,2010,29,8,4,20,46,5,18,23,0.5,0.956521739,20.27,0.782608696,536,73,248,321,0.649253731,2.104477612
832500,Shea Theodore,3,74,195,26,2,2015,22,3,4,29,61,6,23,29,0.48,0.229508197,20.35,0.06557377,114,11,35,46,0.385964912,2.035087719
650000,Kyle Criscuolo,17,68,170,300,1,2017,25,1,1,4,9,0,0,0,0,0.444444444,8.01,1.222222222,9,0,0,0,0.444444444,0.555555556
2100000,Patrick Maroon,17,75,225,161,2,2011,29,7,3,17,74,17,26,43,0.58,0.986486486,16.54,0.081081081,375,78,100,178,1.202666667,1.754666667
720000,Ondrej Kase,5,72,185,205,1,2016,22,2,2,1,66,20,18,38,0.58,0.212121212,13.92,0.106060606,119,25,28,53,0.268907563,1.87394958
5000000,James van Riemsdyk,17,75,217,2,2,2009,28,9,3,27,81,36,18,54,0.67,0.37037037,14.89,0.012345679,609,201,192,393,0.461412151,2.871921182
1200000,Paul Byron,3,69,162,179,2,2010,28,8,3,16,82,20,15,35,0.43,0.280487805,16.13,0,363,70,74,144,0.286501377,1.068870523
2750000,Sam Gagner,3,71,200,6,1,2007,28,11,1,28,74,10,21,31,0.42,0.472972973,15.11,0.054054054,770,152,281,433,0.45974026,2.097402597
742500,Matthew Highmore,3,71,181,300,2,2017,21,1,1,8,13,2,0,2,0.15,0,12.15,0.076923077,13,2,0,2,0,2.076923077
6000000,Logan Couture,3,73,205,9,2,2009,28,9,1,24,78,34,27,61,0.78,0.230769231,18.55,0.051282051,582,213,224,437,0.256013746,2.924398625
11000000,P.K. Subban,3,72,210,43,1,2009,28,9,4,18,82,16,43,59,0.72,1,24.11,0,582,89,288,377,1.130584192,2.458762887
735000,Chris Tierney,3,73,195,55,2,2014,23,4,1,24,82,17,23,40,0.49,0.097560976,16,0,284,41,63,104,0.14084507,1.23943662
650000,Anthony Peluso,3,75,225,160,1,2012,28,5,2,31,2,0,0,0,0,2,4.64,0,144,4,10,14,1.479166667,0.465277778
900000,Riley Nash,3,73,190,21,1,2011,28,7,1,3,76,15,26,41,0.54,0.236842105,15.41,0.052631579,399,53,86,139,0.253132832,1.333333333
3100000,Thomas Hickey,3,72,188,4,2,2012,28,6,4,19,69,5,20,25,0.36,0.347826087,18.07,0.057971014,409,22,89,111,0.383863081,1.092909535
6000000,Jeff Petry,17,75,208,45,1,2010,30,8,4,16,82,12,30,42,0.51,0.341463415,23.49,0,527,44,122,166,0.407969639,1.683111954
4000000,Kyle Turris,3,73,190,3,1,2007,28,10,1,18,76,16,35,51,0.67,0.342105263,16.61,0.105263158,609,149,213,362,0.449917898,2.23316913
650000,Brian Lashoff,17,75,219,300,2,2012,27,5,4,11,1,0,0,0,0,0,4.03,0,123,2,11,13,0.463414634,0.585365854
725000,Paul Postma,3,75,195,205,1,2010,28,8,4,3,14,0,1,1,0.07,0.142857143,10.23,0,205,10,25,35,0.248780488,0.892682927
742500,Sebastian Aho,16,70,170,139,2,2017,21,1,4,19,22,1,3,4,0.18,0.272727273,16.25,0,22,1,3,4,0.272727273,1.090909091
650000,Joe Hicketts,3,68,180,300,2,2017,21,1,4,11,5,0,3,3,0.6,0.4,17.35,0,5,0,3,3,0.4,0.4
650000,Brad Malone,3,73,213,105,2,2011,28,6,1,12,7,0,0,0,0,0.857142857,7.99,0,183,13,17,30,1.06010929,0.74863388
5000000,Brendan Smith,3,74,211,27,2,2011,28,7,4,20,44,1,7,8,0.18,1.568181818,17.17,0,353,17,62,79,1.073654391,1.229461756
4250000,Brandon Sutter,3,75,191,11,1,2008,28,10,1,28,61,11,15,26,0.43,0.131147541,17.32,0.06557377,657,131,123,254,0.176560122,1.914764079
3500000,Mattias Ekholm,16,76,215,102,2,2011,27,7,4,18,81,10,24,34,0.42,0.567901235,23.58,0.012345679,390,29,90,119,0.476923077,1.317948718
950000,Colton Sceviour,3,72,195,112,1,2010,28,7,1,13,76,11,13,24,0.32,0.315789474,13.44,0.118421053,326,48,62,110,0.266871166,1.901840491
832500,Tony DeAngelo,17,71,181,19,1,2016,22,2,4,20,32,0,8,8,0.25,0.34375,16.56,0.375,71,5,17,22,0.676056338,1.802816901
3750000,David Perron,3,72,200,26,1,2007,29,11,3,29,70,16,50,66,0.94,0.714285714,17.81,0.057142857,722,175,269,444,0.761772853,2.023545706
1250000,Chris Kelly,3,72,190,94,2,2003,37,14,1,1,12,0,2,2,0.17,0.166666667,7.66,0,845,123,168,291,0.493491124,1.366863905
817500,Dryden Hunt,3,72,197,300,2,2017,22,1,3,13,11,0,1,1,0.09,0.181818182,10.56,0,11,0,1,1,0.181818182,1.090909091
5000000,Sami Vatanen,8,70,185,106,1,2012,26,6,4,17,72,4,28,32,0.44,0.555555556,22.4,0.055555556,337,36,118,154,0.439169139,1.789317507
650000,Taylor Fedun,3,73,201,300,1,2013,29,5,4,4,7,0,1,1,0.14,0.285714286,14.68,0.571428571,46,2,13,15,0.47826087,1.086956522
2900000,Carl Gunnarsson,16,74,198,194,2,2009,31,9,4,25,63,5,4,9,0.14,0.349206349,16.17,0.079365079,556,25,97,122,0.271582734,0.854316547
3500000,Matt Read,3,70,185,300,1,2011,31,7,2,22,19,1,0,1,0.05,0.105263158,10.9,0,437,87,100,187,0.185354691,1.727688787
650000,Mario Kempe,16,72,185,122,2,2017,29,1,2,2,18,2,2,4,0.22,0.222222222,11.09,0,18,2,2,4,0.222222222,1.111111111
650000,Yannick Weber,4,71,200,73,1,2008,29,10,4,18,47,2,3,5,0.11,0.340425532,12.06,0.085106383,394,25,58,83,0.413705584,1.335025381
8200000,Rick Nash,3,76,211,1,2,2002,33,15,3,3,71,21,13,34,0.48,0.394366197,17.05,0.056338028,1060,437,368,805,0.70754717,3.418867925
13800000,Patrick Kane,17,71,177,1,2,2007,29,11,2,8,82,27,49,76,0.93,0.390243902,20.19,0,822,312,516,828,0.384428224,3.150851582
2500000,Kevan Miller,17,74,210,300,1,2013,30,5,4,3,68,1,15,16,0.24,1.029411765,19.46,0.058823529,285,12,48,60,0.792982456,0.894736842
1650000,Derek MacKenzie,3,71,181,128,2,2001,36,15,1,13,75,3,11,14,0.19,0.413333333,11.31,0.066666667,610,51,74,125,0.552459016,1.02295082
650000,Cory Conacher,3,68,180,300,2,2012,28,5,1,26,36,8,4,12,0.33,0.666666667,9.99,0,188,28,46,74,0.595744681,1.335106383
4650000,Evgenii Dadonov,13,71,185,71,2,2009,28,4,2,13,74,28,37,65,0.88,0.108108108,18.7,0.108108108,129,38,47,85,0.186046512,2.11627907
3575000,Mikael Backlund,16,73,199,24,2,2008,28,10,1,7,82,14,31,45,0.55,0.951219512,19.02,0,543,108,165,273,0.473296501,2.232044199
5100000,Ryan McDonagh,17,73,215,12,2,2010,28,8,4,26,63,4,25,29,0.46,0.317460317,23.33,0.158730159,530,53,188,241,0.416981132,1.741509434
5000000,Max Pacioretty,17,74,206,22,2,2008,29,10,3,16,64,17,20,37,0.58,0.46875,19.01,0.28125,626,226,222,448,0.541533546,3.269968051
650000,Brian Gibbons,17,68,175,300,2,2013,29,3,3,17,59,12,14,26,0.44,0.338983051,14.43,0.372881356,125,17,31,48,0.272,0.976
10000000,Jakub Voracek,5,74,214,7,2,2008,28,10,2,22,82,20,65,85,1.04,0.609756098,19.46,0,768,175,398,573,0.529947917,2.483072917
4100000,Jake Muzzin,3,75,213,141,2,2010,28,7,4,14,74,8,34,42,0.57,0.540540541,21.65,0.054054054,446,47,145,192,0.594170404,2.183856502
4000000,Alec Martinez,17,73,208,95,2,2009,30,9,4,14,77,9,16,25,0.32,0.441558442,22.86,0.077922078,496,57,115,172,0.322580645,1.510080645
4500000,Mark Stone,3,76,219,178,1,2012,25,6,2,21,58,20,42,62,1.07,0.172413793,20.67,0.068965517,307,95,154,249,0.302931596,1.996742671
690000,Jack Rodewald,3,74,189,300,1,2017,23,1,2,21,4,0,0,0,0,0.5,7.3,0,4,0,0,0,0.5,0
3667000,Carl Hagelin,16,71,186,168,2,2011,29,7,3,23,81,10,21,31,0.38,0.345679012,15.94,0,488,88,134,222,0.426229508,2.18647541
4750000,Lars Eller,7,74,207,13,2,2009,28,9,1,31,81,18,20,38,0.47,0.469135802,15.3,0.012345679,604,103,116,219,0.620860927,1.675496689
4750000,Wayne Simmonds,3,74,185,61,1,2008,29,10,2,22,75,24,22,46,0.61,0.76,18.09,0.093333333,762,226,218,444,1.257217848,2.236220472
800000,Scottie Upshall,3,72,200,6,2,2002,34,15,2,25,63,7,12,19,0.3,0.73015873,10.85,0.206349206,759,138,147,285,0.81027668,1.885375494
4000000,Trevor Daley,3,71,195,43,2,2003,34,14,4,11,77,9,7,16,0.21,0.467532468,20.7,0.077922078,971,87,207,294,0.634397528,1.391349125
1800000,Nick Holden,3,76,214,300,2,2010,30,7,4,3,73,4,13,17,0.23,0.191780822,19.01,0,374,36,76,112,0.328877005,1.14973262
5000000,Nazem Kadri,3,72,190,7,2,2009,27,9,1,27,80,32,23,55,0.69,0.525,16.76,0.05,488,145,168,313,0.704918033,2.493852459
742500,Kyle Capobianco,3,73,196,63,2,2017,20,1,4,2,1,0,0,0,0,0,13.55,0,1,0,0,0,0,0
8000000,Victor Hedman,16,78,223,2,2,2009,27,9,4,26,77,17,46,63,0.82,0.701298701,25.85,0.051948052,626,82,282,364,0.774760383,1.910543131
5400000,Jason Demers,3,73,195,186,1,2009,29,9,4,2,69,6,14,20,0.29,0.536231884,21.14,0.202898551,573,43,148,191,0.60034904,1.305410122
7000000,Henrik Zetterberg,16,72,197,210,2,2002,37,15,1,11,82,11,45,56,0.68,0.170731707,19.5,0,1082,337,623,960,0.370609982,3.193160813
4700000,Patrik Berglund,16,76,219,25,2,2008,29,10,1,25,57,17,9,26,0.46,0.526315789,16.16,0.421052632,694,168,154,322,0.34870317,1.935158501
800000,Micheal Haley,3,71,205,300,2,2009,31,8,1,13,75,3,6,9,0.12,2.826666667,7.79,0,205,8,17,25,2.741463415,0.648780488
650000,Alex Broadhurst,17,72,178,199,2,2017,24,1,1,6,2,0,0,0,0,1,10.04,0,2,0,0,0,1,0.5
650000,Matthew Peca,3,68,178,201,2,2016,24,2,1,26,10,2,3,5,0.5,0,13.67,0,20,3,4,7,0.1,1.3
6000000,Frans Nielsen,7,73,188,87,2,2006,33,12,1,11,79,16,17,33,0.42,0.17721519,15.83,0.037974684,764,152,271,423,0.188481675,1.901832461
5600000,Ondrej Palat,5,72,188,208,2,2012,26,6,3,26,56,11,24,35,0.63,0.107142857,17,0.071428571,363,85,168,253,0.300275482,1.950413223
660000,Scott Wilson,3,71,183,209,2,2014,25,4,1,4,69,6,8,14,0.2,0.115942029,12.21,0,172,19,27,46,0.302325581,1.534883721
5400000,Jay Bouwmeester,3,76,206,3,2,2002,34,15,4,25,35,2,5,7,0.2,0.457142857,20.14,0.371428571,1106,84,314,398,0.519891501,1.680831826
3250000,Zack Smith,3,74,208,79,2,2008,29,10,3,21,68,5,14,19,0.28,0.794117647,16.72,0.058823529,542,85,80,165,1.129151292,1.643911439
690000,Trevor Murphy,3,70,180,300,2,2017,22,1,4,2,8,1,2,3,0.38,0,14.24,0,8,1,2,3,0,0.625
650000,Frank Corrado,3,72,205,150,1,2012,24,6,4,23,5,0,0,0,0,0.4,11.5,0,76,3,5,8,0.526315789,1.144736842
2500000,Matt Stajan,3,73,195,57,2,2002,34,15,1,7,68,4,8,12,0.18,0.411764706,10.93,0,1003,146,267,413,0.52442672,1.148554337
800000,Lukas Sedlak,5,72,205,158,2,2016,24,2,1,6,53,4,4,8,0.15,0.396226415,9.4,0.20754717,115,11,10,21,0.4,0.930434783
825000,Josh Manson,3,75,213,160,1,2014,26,4,4,1,80,7,30,37,0.46,0.775,20.35,0.05,261,17,55,72,0.954022989,1.222222222
730000,Danick Martel,3,68,162,300,2,2017,23,1,3,22,4,0,0,0,0,0,10.22,0,4,0,0,0,0,1.5
842500,Frank Vatrano,17,69,201,300,2,2015,23,3,1,13,41,7,3,10,0.24,0.829268293,10.84,0.292682927,124,25,14,39,0.5,2.314516129
650000,Chase Balisy,17,71,179,170,2,2017,25,1,1,13,8,0,0,0,0,0,9.82,0,8,0,0,0,0,0.75
650000,Max McCormick,17,71,188,171,2,2015,25,3,3,21,30,3,2,5,0.17,1.233333333,8.35,0,57,5,4,9,1.298245614,1.350877193
800000,Nikita Soshnikov,13,71,185,300,2,2015,24,3,2,25,15,1,1,2,0.13,0.266666667,11.02,0.533333333,82,8,8,16,0.317073171,1.463414634
650000,Josh Archibald,3,70,176,174,1,2015,25,3,2,2,42,5,6,11,0.26,0.595238095,11.95,0,53,8,6,14,0.547169811,1
650000,Travis Boyd,17,71,185,177,2,2017,24,1,1,31,8,0,1,1,0.13,0.25,8.83,0,8,0,1,1,0.25,0.25
700000,Dylan DeMelo,3,73,195,179,1,2015,24,3,4,24,63,0,20,20,0.32,0.53968254,14.21,0.063492063,133,3,29,32,0.466165414,1.060150376
742500,Alex Formenton,3,74,165,47,2,2017,18,1,3,21,1,0,0,0,0,0,4.9,0,1,0,0,0,0,0
725000,Iiro Pakarinen,8,73,212,184,1,2014,26,4,2,12,40,2,1,3,0.08,0.15,10.19,0,134,10,13,23,0.134328358,1.305970149
3500000,Derick Brassard,3,73,202,6,2,2007,30,11,1,23,72,21,25,46,0.64,0.472222222,17.73,0.097222222,716,162,266,428,0.491620112,2.086592179
1750000,Jay Beagle,3,75,218,300,1,2008,32,10,1,31,79,7,15,22,0.28,0.202531646,12.45,0.050632911,471,51,65,116,0.337579618,1.125265393
710000,Tomas Hyka,5,71,160,171,1,2017,24,1,2,29,10,1,2,3,0.3,0,12.05,0,10,1,2,3,0,1.5
650000,Tyler Graovac,3,77,208,191,2,2014,24,4,1,31,5,0,0,0,0,0.4,6.74,0.8,62,7,2,9,0.193548387,0.887096774
6750000,Johnny Gaudreau,17,69,157,104,2,2013,24,5,3,7,80,24,60,84,1.05,0.325,19.42,0,312,97,191,288,0.205128205,2.544871795
750000,Rinat Valiev,13,75,215,68,2,2015,22,2,4,16,2,0,0,0,0,1,11.81,6,12,0,0,0,0.166666667,0.75
2500000,Radim Vrbata,5,73,194,212,1,2001,36,16,2,13,42,5,9,14,0.33,0.380952381,12.91,0.214285714,1057,284,339,623,0.278145695,2.935666982
2450000,Tobias Rieder,6,71,188,114,2,2014,25,4,1,14,78,12,13,25,0.32,0.076923077,14.65,0,312,55,62,117,0.115384615,2.073717949
742500,Vince Dunn,3,72,203,56,2,2017,21,1,4,25,75,5,19,24,0.32,0.266666667,17.23,0.053333333,75,5,19,24,0.266666667,1.84
900000,Jordan Greenway,17,78,226,50,2,2017,20,1,3,15,6,0,1,1,0.17,0,11.44,0,6,0,1,1,0,0.666666667
650000,Fredrik Claesson,16,73,200,126,2,2015,25,3,4,21,64,1,6,7,0.11,0.546875,15.34,0,113,4,16,20,0.362831858,0.884955752
660000,Blake Pietila,17,71,200,129,2,2015,24,3,3,17,2,0,0,0,0,0,9.46,0,19,1,2,3,0.315789474,1.052631579
742500,Nick Seeler,17,74,200,131,2,2017,24,1,4,15,22,0,4,4,0.18,0.954545455,14.53,0.136363636,22,0,4,4,0.954545455,0.772727273
750000,A.J. Greer,3,75,204,39,2,2016,21,2,3,9,17,0,3,3,0.18,1.705882353,7.39,0,22,0,4,4,1.5,0.954545455
742500,Brendan Guhle,3,74,196,51,2,2016,20,2,4,4,18,0,5,5,0.28,0.555555556,18.11,0.222222222,21,0,5,5,0.476190476,1.952380952
8000000,Joe Thornton,3,76,220,1,2,1997,38,20,1,24,47,13,23,36,0.77,0.808510638,18.35,0.085106383,1493,397,1030,1427,0.799732083,1.898191561
5000000,Andrew Shaw,3,71,182,139,1,2011,26,7,2,16,51,10,10,20,0.39,1.039215686,15.81,0.450980392,441,92,94,186,1.049886621,1.829931973
817500,Christian Fischer,17,74,214,32,1,2016,20,2,2,2,79,15,18,33,0.42,0.17721519,13.9,0.012658228,86,18,18,36,0.162790698,1.906976744
900000,Shane Prince,17,71,193,61,2,2014,25,4,3,19,14,1,1,2,0.14,0.785714286,12,0.285714286,128,12,26,38,0.3046875,1.4140625
4500000,Vincent Trocheck,17,70,182,64,1,2013,24,5,1,13,82,31,44,75,0.91,0.658536585,21.36,0,310,91,121,212,0.551612903,2.638709677
950000,Nick Cousins,3,71,185,68,2,2014,24,4,1,2,71,12,7,19,0.27,0.436619718,12.86,0,178,24,22,46,0.382022472,1.488764045
817500,Brandon Carlo,17,77,208,37,1,2016,21,2,4,3,76,0,6,6,0.08,0.592105263,19.24,0.065789474,158,6,16,22,0.658227848,1.037974684
3275000,Joel Ward,3,73,225,300,1,2006,37,11,2,24,52,5,7,12,0.23,0.384615385,11.87,0.076923077,726,133,171,304,0.359504132,1.544077135
650000,Daniel Catenacci,3,70,193,77,2,2015,24,2,1,20,1,0,0,0,0,0,11.05,0,12,0,0,0,0,0.666666667
850000,Klas Dahlbeck,16,75,207,79,2,2014,26,4,4,5,33,1,4,5,0.15,0.636363636,16.36,0,170,6,17,23,0.511764706,0.964705882
675000,Andy Andreoff,3,73,203,80,2,2014,26,4,3,14,45,3,6,9,0.2,1.111111111,9.39,0.088888889,159,13,11,24,1.34591195,0.911949686
650000,Alan Quine,3,72,203,166,2,2015,24,3,1,19,21,0,3,3,0.14,0.19047619,11.74,0.904761905,84,6,16,22,0.142857143,1.214285714
700000,Kyle Rau,17,68,176,91,2,2015,25,3,1,15,3,0,1,1,0.33,0,11.03,0,36,2,2,4,0.166666667,1.111111111
1500000,Ryan Dzingel,17,72,190,204,2,2015,25,3,3,21,79,23,18,41,0.52,0.443037975,16.49,0.050632911,190,40,42,82,0.4,1.484210526
742500,Daniel Sprong,11,72,180,46,1,2015,20,2,2,23,8,2,1,3,0.38,0,13.98,0,26,4,1,5,0,1.730769231
2600000,Jean-Gabriel Pageau,3,70,184,96,1,2012,25,6,1,21,78,14,15,29,0.37,0.461538462,16.74,0.051282051,329,59,71,130,0.325227964,1.796352584
675000,Mike Reilly,17,74,195,98,2,2015,24,3,4,16,57,2,16,18,0.32,0.456140351,14.96,0.070175439,103,5,22,27,0.349514563,1.087378641
687500,Reid Boucher,17,70,195,99,2,2013,24,5,1,28,20,3,2,5,0.25,0,11.38,0.15,132,20,22,42,0.136363636,1.727272727
5000000,Duncan Keith,3,73,192,54,2,2005,34,13,4,8,82,2,30,32,0.39,0.341463415,23.83,0,995,92,451,543,0.537688442,2.095477387
700000,Ty Rattie,3,71,184,32,1,2013,24,5,2,12,14,5,4,9,0.64,0.142857143,15.47,0,49,9,10,19,0.163265306,1.428571429
750000,Rocco Grimaldi,17,66,180,33,1,2014,24,4,1,9,6,1,2,3,0.5,0,9.64,0.166666667,37,5,5,10,0.216216216,1.756756757
675000,Scott Mayfield,17,76,227,34,1,2013,25,4,4,19,47,2,10,12,0.26,0.957446809,17.84,0.106382979,83,5,17,22,1.180722892,1.301204819
800000,Tomas Jurco,14,74,188,35,2,2013,25,5,3,8,29,6,4,10,0.34,0.413793103,12.62,0.068965517,201,22,28,50,0.298507463,1.447761194
650000,Adam Clendening,17,72,196,36,1,2014,25,4,4,2,5,0,2,2,0.4,0.4,15.93,0,86,4,20,24,0.569767442,1.186046512
2900000,Boone Jenner,3,74,206,37,2,2013,24,5,1,6,75,13,19,32,0.43,0.52,16.46,0.053333333,342,86,75,161,0.657894737,2.435672515
1000000,Dmitrij Jaskin,5,74,216,41,2,2012,24,6,2,25,76,6,11,17,0.22,0.184210526,12.45,0,266,25,36,61,0.308270677,1.5
4000000,Victor Rask,16,74,200,42,2,2014,24,4,1,5,71,14,17,31,0.44,0.169014085,15.38,0.126760563,313,62,95,157,0.217252396,2.057507987
6250000,Brandon Saad,17,73,206,43,2,2011,25,7,3,8,82,18,17,35,0.43,0.170731707,17.5,0,450,125,142,267,0.177777778,2.54
1700000,Brett Ritchie,3,75,217,44,1,2014,24,4,2,10,71,7,7,14,0.2,0.591549296,10.84,0.098591549,188,29,19,48,0.526595745,2.005319149
742500,Filip Chlapik,5,73,196,48,2,2017,20,1,1,21,20,1,3,4,0.2,0.2,10.07,0.2,20,1,3,4,0.2,1.05
1200000,Joel Edmundson,3,76,215,46,2,2015,24,3,4,25,69,7,10,17,0.25,0.826086957,20.74,0.057971014,205,11,30,41,0.87804878,1.43902439
1000000,Matt Nieto,17,71,190,47,2,2013,25,5,3,9,74,15,11,26,0.35,0.189189189,14.91,0.081081081,338,50,57,107,0.201183432,1.532544379
1200000,Xavier Ouellet,9,73,185,48,2,2013,24,5,4,11,45,0,7,7,0.16,0.133333333,13.86,0,141,5,18,23,0.446808511,1.283687943
660000,Zack Mitchell,3,73,196,300,1,2016,25,2,2,15,23,3,2,5,0.22,0.173913043,10.54,0,34,3,2,5,0.117647059,0.794117647
650000,Miikka Salomaki,8,71,203,52,2,2014,24,4,2,18,58,2,6,8,0.14,0.586206897,10.28,0,125,8,11,19,0.512,0.952
1000000,William Karlsson,16,73,189,53,2,2014,25,4,1,29,82,43,35,78,0.95,0.146341463,18.72,0,265,61,67,128,0.105660377,1.573584906
650000,Scott Harrington,3,74,207,54,2,2014,24,4,4,6,32,2,3,5,0.16,0.25,13.3,0.09375,79,3,6,9,0.329113924,0.784810127
650000,Ryan Sproul,3,76,205,55,1,2013,25,3,4,20,16,1,4,5,0.31,0.375,16.37,0,44,2,10,12,0.272727273,1.454545455
4500000,Nikita Kucherov,13,71,178,58,2,2013,24,5,2,26,80,39,61,100,1.25,0.525,19.82,0.05,365,147,187,334,0.44109589,2.81369863
6000000,Ryan Nugent-Hopkins,3,72,191,1,2,2011,24,7,1,12,62,24,24,48,0.77,0.322580645,18.09,0.35483871,457,119,194,313,0.310722101,2.271334792
6000000,Gabriel Landeskog,16,73,215,2,2,2011,25,7,3,9,78,25,37,62,0.79,0.474358974,20.14,0,506,143,198,341,0.772727273,2.640316206
6200000,Jonathan Huberdeau,3,73,188,3,2,2012,24,6,3,13,82,27,42,69,0.84,0.390243902,19.21,0,385,95,172,267,0.47012987,2.215584416
4500000,Adam Larsson,16,75,210,4,1,2011,25,7,4,12,63,4,9,13,0.21,0.53968254,21.93,0.063492063,416,17,84,101,0.586538462,1.084134615
6000000,Mika Zibanejad,16,74,227,6,1,2011,24,7,1,20,72,27,20,47,0.65,0.194444444,17.97,0.055555556,409,105,130,235,0.229828851,2.249388753
6750000,Mark Scheifele,3,75,207,7,1,2011,24,7,1,30,60,23,37,60,1,0.3,20.68,0.066666667,366,113,174,287,0.387978142,2.076502732
4000000,Sean Couturier,3,75,211,8,2,2011,25,7,1,22,82,31,45,76,0.93,0.37804878,21.59,0,498,101,166,267,0.383534137,1.947791165
5750000,Dougie Hamilton,3,78,210,9,1,2012,24,6,4,7,82,17,27,44,0.54,0.780487805,21.53,0,423,64,156,220,0.635933806,2.522458629
4500000,Jonas Brodin,16,73,194,10,2,2012,24,6,4,15,73,6,15,21,0.29,0.410958904,21.6,0.123287671,404,24,76,100,0.267326733,1.089108911
750000,Duncan Siemens,3,75,210,11,2,2014,24,3,4,9,16,1,1,2,0.13,1.4375,12.32,0,20,1,1,2,1.25,0.8
700000,Ryan Murphy,3,71,185,12,1,2012,24,6,4,15,21,2,3,5,0.24,0.761904762,19.01,0,172,8,34,42,0.313953488,1.38372093
2000000,Sven Baertschi,4,71,192,13,2,2011,25,7,3,28,53,14,15,29,0.55,0.377358491,15.61,0.396226415,259,57,65,122,0.262548263,1.494208494
964688,Jamie Oleksiak,3,79,255,14,2,2012,25,6,4,23,68,5,12,17,0.25,1.279411765,16.66,0,187,11,25,36,0.903743316,0.957219251
2750000,J.T. Miller,17,73,218,15,2,2012,24,6,1,26,82,23,35,58,0.71,0.487804878,17.02,0,360,82,108,190,0.433333333,1.641666667
975000,Joel Armia,8,75,205,16,1,2014,24,4,2,30,79,12,17,29,0.37,0.278481013,12.6,0.012658228,180,26,32,58,0.3,1.616666667
2300000,Nathan Beaulieu,3,74,200,17,2,2012,25,6,4,4,59,1,8,9,0.15,0.610169492,15.95,0.06779661,284,8,61,69,0.661971831,1.211267606
742500,Anthony Cirelli,3,72,180,72,2,2017,20,1,1,26,18,5,6,11,0.61,0.333333333,13.23,0,18,5,6,11,0.333333333,1.444444444
3500000,Oscar Klefbom,16,75,215,19,2,2013,24,5,4,12,66,5,16,21,0.32,0.272727273,22.85,0.090909091,255,24,70,94,0.133333333,2.211764706
4600000,Connor Murphy,17,76,212,20,1,2013,24,5,4,8,76,2,12,14,0.18,0.447368421,16.37,0,334,15,48,63,0.535928144,1.176646707
660000,Stefan Noesen,17,73,205,21,1,2014,24,4,2,17,72,13,14,27,0.38,0.5,13.29,0,118,21,16,37,0.508474576,1.610169492
650000,Joe Morrow,3,72,196,23,2,2014,25,4,4,30,56,6,10,16,0.29,0.464285714,16.73,0,121,8,17,25,0.347107438,1.371900826
5000000,Andy Greene,17,71,190,300,2,2006,35,12,4,17,81,3,10,13,0.16,0.259259259,21.12,0,788,42,168,210,0.290609137,1.091370558
950000,Phillip Danault,3,73,195,26,2,2014,24,4,1,16,52,8,17,25,0.48,0.653846154,16.59,0.076923077,187,25,50,75,0.443850267,1.609625668
700000,Tanner Kero,17,72,185,300,2,2015,25,3,1,8,8,1,2,3,0.38,0,11.44,0.125,72,8,14,22,0.138888889,1.291666667
3800000,Rickard Rakell,16,74,198,30,1,2012,24,6,1,1,77,34,35,69,0.9,0.181818182,19.42,0.064935065,313,96,102,198,0.182108626,2.255591054
2500000,Jason Chimera,3,75,215,121,2,2000,38,17,3,1,74,3,10,13,0.18,0.5,10.3,0,1107,186,229,415,0.805781391,1.815718157
650000,Markus Hannikainen,8,73,200,300,2,2015,24,3,3,6,33,3,3,6,0.18,0.181818182,8.37,0,47,4,4,8,0.255319149,0.893617021
650000,Evan Rodrigues,3,71,182,300,1,2015,24,3,3,4,48,7,18,25,0.52,0.291666667,13.93,0.083333333,80,12,21,33,0.225,1.875
650000,Seth Griffith,3,69,190,131,1,2014,25,4,1,4,21,2,1,3,0.14,0.285714286,10.57,0.285714286,79,8,11,19,0.303797468,0.898734177
2500000,Alexandre Burrows,3,73,197,300,2,2005,36,13,2,21,71,6,8,14,0.2,0.830985915,11.69,0,913,205,204,409,1.242059146,1.901423877
742500,Brayden Point,3,70,166,79,1,2016,21,2,1,26,82,32,34,66,0.8,0.292682927,19.62,0,150,50,56,106,0.253333333,2.26
675000,Andreas Martinsen,12,75,229,300,2,2015,27,3,3,8,9,1,0,1,0.11,1.888888889,12.64,0,128,8,11,19,0.75,1.0859375
700000,Dean Kukan,4,74,186,300,2,2015,24,2,4,6,11,0,4,4,0.36,0.181818182,12.36,0.363636364,19,0,4,4,0.105263158,0.789473684
700000,Noel Acciari,17,70,208,300,1,2015,26,3,1,3,60,10,1,11,0.18,0.15,12.91,0.083333333,108,12,5,17,0.305555556,1
1100000,Colin Miller,3,73,196,151,1,2015,25,3,4,29,82,10,31,41,0.5,0.646341463,19.34,0,185,19,51,70,0.794594595,1.735135135
1425000,Derek Ryan,17,71,170,300,1,2015,31,3,1,5,80,15,23,38,0.48,0.35,15.61,0.05,153,28,41,69,0.339869281,1.392156863
750000,Jonathan Marchessault,3,69,174,300,1,2012,27,5,1,29,77,27,48,75,0.97,0.519480519,17.5,0.064935065,201,65,80,145,0.472636816,2.711442786
2500000,Jason Garrison,3,73,218,300,2,2008,33,10,4,29,8,0,1,1,0.13,0.5,19.07,0,538,48,111,159,0.410780669,1.665427509
2150000,Nate Schmidt,17,73,194,300,2,2013,26,5,4,29,76,5,31,36,0.47,0.210526316,22.24,0.052631579,276,13,66,79,0.231884058,1.173913043
842500,Andreas Johnsson,16,70,180,202,2,2017,23,1,3,27,9,2,1,3,0.33,0,11.7,0,9,2,1,3,0,2.111111111
5000000,Tyler Johnson,17,68,183,300,1,2012,27,6,1,26,81,21,29,50,0.62,0.296296296,16.99,0.012345679,389,110,151,261,0.323907455,2.257069409
7600000,Drew Doughty,3,73,200,2,1,2008,28,10,4,14,82,10,50,60,0.73,0.658536585,26.84,0,770,102,320,422,0.720779221,2.166233766
9500000,Steven Stamkos,3,73,194,1,1,2008,27,10,1,26,78,27,59,86,1.1,0.923076923,18.77,0.051282051,664,348,320,668,0.662650602,3.144578313
7000000,Alex Pietrangelo,3,75,210,4,1,2008,28,10,4,25,78,15,39,54,0.69,0.282051282,25.74,0.051282051,617,80,277,357,0.322528363,2.282009724
5500000,Zach Bogosian,17,75,221,3,1,2008,27,10,4,4,18,0,1,1,0.06,1.111111111,19.16,0.222222222,552,49,121,170,0.900362319,2.023550725
1500000,Luke Schenn,3,74,229,5,1,2008,28,10,4,2,64,1,6,7,0.11,0.546875,16.38,0,708,30,113,143,0.747175141,1.224576271
4000000,Colin Wilson,17,73,221,7,2,2009,28,9,1,9,56,6,12,18,0.32,0.107142857,13.13,0.071428571,558,101,154,255,0.23297491,1.575268817
4800000,Mikkel Boedker,7,72,210,8,2,2008,28,10,3,24,74,15,22,37,0.5,0.162162162,13.36,0.094594595,618,109,179,288,0.177993528,1.590614887
4000000,Josh Bailey,3,73,203,9,2,2008,28,10,2,19,76,18,53,71,0.93,0.223684211,17.88,0.052631579,715,124,253,377,0.276923077,1.587412587
3500000,Tyler Myers,3,80,229,12,1,2009,27,9,4,30,82,6,30,36,0.44,0.585365854,21.43,0,555,65,169,234,0.72972973,1.598198198
650000,Barclay Goodrow,3,74,210,300,2,2014,24,4,2,24,47,7,7,14,0.3,0.595744681,10.88,0.085106383,124,11,19,30,0.637096774,1.088709677
7000000,Erik Karlsson,16,72,191,15,1,2009,27,9,4,21,71,9,53,62,0.87,0.507042254,26.74,0.070422535,627,126,392,518,0.503987241,2.942583732
4000000,Luca Sbisa,4,74,209,19,2,2008,28,10,4,29,30,2,12,14,0.47,0.5,19.52,0.133333333,495,18,84,102,0.694949495,0.975757576
4050000,Jake Gardiner,17,74,200,17,2,2011,27,7,4,27,82,5,47,52,0.63,0.390243902,22.53,0,489,42,173,215,0.325153374,1.449897751
3000000,Michael Del Zotto,3,72,195,20,2,2009,27,9,4,28,82,6,16,22,0.27,0.585365854,20.8,0,566,53,158,211,0.441696113,1.519434629
6000000,Jordan Eberle,3,71,187,22,1,2010,27,8,1,19,81,25,34,59,0.73,0.259259259,16.07,0.012345679,588,190,251,441,0.239795918,2.411564626
3650000,Tyler Ennis,3,69,161,26,2,2009,28,9,3,15,73,8,14,22,0.3,0.164383562,11.97,0,492,105,153,258,0.365853659,2.193089431
4000000,John Carlson,17,75,218,27,1,2009,28,9,4,31,82,15,53,68,0.83,0.390243902,24.78,0,608,77,256,333,0.325657895,2.230263158
5000000,Roman Josi,4,73,201,38,2,2011,27,7,4,18,75,14,39,53,0.71,0.32,24.47,0.106666667,481,78,214,292,0.313929314,2.488565489
5500000,Justin Schultz,3,74,193,43,1,2012,27,6,4,23,63,4,23,27,0.43,0.222222222,19.51,0.238095238,407,45,142,187,0.245700246,1.624078624
650000,Aaron Ness,17,70,184,40,2,2011,27,5,4,31,8,0,1,1,0.13,1,12.73,0,47,1,5,6,0.468085106,0.829787234
700000,Zac Dalpe,3,74,194,45,1,2010,28,8,1,6,12,0,0,0,0,1.083333333,7.44,0.25,140,12,12,24,0.257142857,1.171428571
4875000,Travis Hamonic,3,74,205,53,1,2010,27,8,4,7,74,1,10,11,0.15,1.067567568,20.7,0.054054054,518,27,130,157,1.025096525,1.774131274
7000000,Derek Stepan,17,72,196,51,1,2010,27,8,1,2,82,14,42,56,0.68,0.317073171,19.27,0,597,142,274,416,0.261306533,2.35678392