Salary,Name,Country,Weight,Height,Draft,Hand,Debut,Age,Seasons,Position,Team,GP Last Szn,G Last Szn,A Last Szn,PTS Last Szn,PTS/GP Last Szn,+/- Last Szn,PIM Last Szn,TOI/GP Last Szn,Injured Games,Career GP,Career G,Career A,Career PTS,Career +/-,Career PIM,Career SOG
700000,Jimmy Hayes,USA,77,215,60,R,2011,28,7,RW,NJD,33,3,6,9,0.27,-2,6,11.93,,334,54,55,109,-29,149,530
4700000,Jori Lehtera,FIN,74,212,65,L,2014,30,4,C,PHI,62,3,5,8,0.13,-8,14,10.51,1,280,33,75,108,19,134,298
3500000,Michael Stone,CAN,75,210,69,R,2011,27,7,D,CGY,82,3,7,10,0.12,-11,28,16.75,,425,29,83,112,-46,238,652
1000000,Scott Hartnell,CAN,74,215,6,L,2000,35,17,LW,NSH,62,13,11,24,0.39,-3,82,12.02,13,1249,327,380,707,66,1809,2777
3600000,Ron Hainsey,USA,75,205,13,L,2002,36,15,D,TOR,80,4,19,23,0.29,12,20,21.86,4,987,53,223,276,-61,410,1292
2000000,Chris Kunitz,CAN,72,195,,L,2003,38,14,LW,TBL,82,13,16,29,0.35,8,35,11.95,,966,263,346,609,191,723,2094
5000000,Adam Henrique,CAN,72,195,82,L,2010,27,8,C,ANA,81,24,26,50,0.62,11,20,17.79,,512,142,151,293,4,158,917
5500000,Brooks Orpik,USA,75,217,18,L,2002,37,15,D,WSH,81,0,10,10,0.12,-9,68,19.36,4,982,16,169,185,71,940,725
700000,Curtis McKenzie,CAN,74,205,159,L,2014,26,4,LW,DAL,7,0,2,2,0.29,3,11,8.1,,99,10,13,23,-1,131,121
5000000,Justin Williams,CAN,73,188,28,R,2000,36,17,RW,CAR,82,16,35,51,0.62,-9,56,16.59,,1162,289,444,733,112,716,3011
3500000,Niklas Kronwall,SWE,72,194,29,L,2003,37,14,D,DET,79,4,23,27,0.34,-14,36,18.52,3,874,80,325,405,0,524,1201
650000,David Warsofsky,USA,69,170,95,L,2013,27,5,D,COL,16,0,5,5,0.31,4,0,13.39,,55,2,9,11,-6,8,89
2550000,Dale Weise,CAN,74,206,111,R,2010,29,8,RW,PHI,46,4,4,8,0.17,-7,21,10.57,,439,49,60,109,13,320,498
4500000,Anders Lee,USA,75,231,152,L,2012,27,6,LW,NYI,82,40,22,62,0.76,-25,44,17.27,,343,124,83,207,-9,198,849
4838000,TJ Brodie,CAN,73,182,114,L,2010,27,8,D,CGY,73,4,28,32,0.44,-16,18,23.68,9,491,35,178,213,-22,134,601
5250000,Gustav Nyquist,SWE,71,184,121,L,2011,28,7,RW,DET,82,21,19,40,0.49,-2,20,17.85,,419,109,137,246,3,116,952
650000,Derek Grant,CAN,75,215,119,L,2012,27,5,C,ANA,66,12,12,24,0.36,3,11,11.1,,152,12,19,31,-13,41,163
2900000,Matt Calvert,CAN,71,186,127,L,2010,28,8,LW,CBJ,69,9,15,24,0.35,-10,33,13.38,16,416,72,77,149,-24,273,614
4400000,Paul Martin,USA,73,200,62,L,2003,36,14,D,SJS,14,0,2,2,0.14,3,2,14.76,4,870,50,270,320,126,238,946
850000,Greg Pateryn,USA,75,224,128,R,2012,27,5,D,DAL,73,1,12,13,0.18,6,50,19.62,,167,3,26,29,-3,115,184
3500000,Eric Staal,CAN,76,209,2,L,2003,33,14,C,MIN,82,42,34,76,0.93,8,42,17.81,,1093,395,527,922,-32,756,3525
2000000,Thomas Vanek,AUT,74,214,5,R,2005,34,13,LW,CBJ,80,24,32,56,0.7,-3,36,14.09,,965,357,396,753,18,521,2501
9000000,Ryan Suter,USA,74,202,7,L,2005,33,13,D,MIN,78,6,45,51,0.65,-1,34,26.78,4,991,75,418,493,110,602,1718
3700000,Braydon Coburn,CAN,77,223,8,L,2005,32,13,D,TBL,72,1,14,15,0.21,3,40,16.02,4,850,44,161,205,40,656,1123
7000000,Dion Phaneuf,CAN,76,225,9,L,2005,32,13,D,LAK,79,6,20,26,0.33,-15,49,20,,981,136,352,488,-36,1292,2434
6500000,Jeff Carter,CAN,75,217,11,R,2005,33,13,C,LAK,27,13,9,22,0.81,4,2,17.84,55,904,352,320,672,78,455,3028
6500000,Dustin Brown,USA,72,216,13,R,2003,33,14,RW,LAK,81,28,33,61,0.75,31,58,19.84,,1045,260,307,567,-12,654,2736
9000000,Brent Seabrook,CAN,75,220,14,R,2005,32,13,D,CHI,81,7,19,26,0.32,-3,38,20.2,,1004,95,337,432,116,612,1791
650000,Steve Bernier,CAN,75,224,16,R,2005,32,12,RW,NYI,4,0,0,0,0,-2,0,10.05,,637,105,125,230,-15,300,992
9000000,Zach Parise,USA,71,195,17,L,2005,33,13,LW,MIN,42,15,9,24,0.57,0,14,17.08,4,872,333,352,685,84,344,2932
2000000,Eric Fehr,CAN,76,208,18,R,2005,32,13,C,SJS,18,3,1,4,0.22,6,2,11.78,11,580,106,100,206,57,187,1042
9025000,Ryan Getzlaf,CAN,76,223,19,R,2005,32,13,C,ANA,56,11,50,61,1.09,20,42,21.43,4,917,247,628,875,165,772,2109
2500000,Matt Martin,CAN,75,220,148,L,2009,28,9,LW,TOR,50,3,9,12,0.24,0,50,7.99,1,570,50,59,109,-46,853,675
6675000,Ryan Kesler,USA,74,202,23,R,2003,33,14,C,ANA,44,8,6,14,0.32,-4,46,18.03,5,941,253,312,565,29,876,2190
3000000,Brian Boyle,USA,78,245,26,L,2007,33,11,C,NJD,69,13,10,23,0.33,-9,45,13.29,4,693,106,86,192,-29,533,1212
5500000,Jared Spurgeon,CAN,69,168,156,R,2010,28,8,D,MIN,61,9,28,37,0.61,-6,8,24.55,4,509,56,149,205,51,76,792
700000,Mark Barberio,CAN,73,207,152,L,2012,27,6,D,COL,46,3,10,13,0.28,6,31,17.28,33,239,13,40,53,5,95,272
3300000,Patrick Eaves,USA,70,202,29,R,2005,33,13,RW,ANA,2,1,0,1,0.5,0,0,16.46,7,626,132,110,242,8,206,1162
1000000,Dominic Moore,CAN,72,192,95,L,2003,37,13,C,TOR,50,6,6,12,0.24,3,16,10.3,,897,106,176,282,-23,487,1363
8000000,Loui Eriksson,SWE,74,196,33,L,2006,32,12,LW,VAN,50,10,13,23,0.46,0,4,16.27,4,840,233,318,551,50,158,1761
3475000,Marcus Kruger,SWE,72,186,149,L,2010,27,8,C,CAR,48,1,5,6,0.13,-6,28,10.84,8,446,34,77,111,7,204,531
650000,Brad Hunt,CAN,69,187,,L,2013,29,5,D,VGK,45,3,15,18,0.4,-5,6,16.65,,78,5,22,27,-16,10,127
1000000,Lance Bouma,CAN,74,208,78,L,2010,27,7,LW,CHI,53,3,6,9,0.17,1,36,10.65,,357,30,46,76,-7,210,379
8750000,Patrice Bergeron,CAN,73,195,45,R,2003,32,14,C,BOS,64,30,33,63,0.98,21,26,19.44,4,963,289,445,734,155,366,2842
742500,Rasmus Andersson,SWE,73,214,53,R,2016,21,2,D,CGY,10,0,0,0,0,-1,4,15.44,,11,0,0,0,-2,4,8
700000,Zac Rinaldo,CAN,70,192,178,L,2011,27,6,C,ARI,53,5,2,7,0.13,-7,44,11.28,4,328,14,20,34,-42,699,262
12000000,Shea Weber,CAN,76,230,49,R,2005,32,13,D,MTL,26,6,10,16,0.62,-8,14,25.35,4,867,189,312,501,60,620,2310
750000,Tommy Wingels,USA,72,200,177,R,2010,29,8,C,BOS,75,9,8,17,0.23,-11,45,11.49,4,448,62,81,143,-39,254,740
832500,Travis Sanheim,CAN,75,181,17,L,2017,21,1,D,PHI,49,2,8,10,0.2,-6,20,15.58,,49,2,8,10,-6,20,72
650000,Zach Redmond,USA,74,212,184,R,2012,29,6,D,BUF,3,0,0,0,0,1,2,14.48,,133,9,29,38,12,50,157
5500000,Torey Krug,USA,69,186,,L,2011,26,7,D,BOS,76,14,45,59,0.78,0,36,20.4,4,398,52,183,235,28,154,1040
715000,Denis Malgin,CHE,69,177,102,R,2016,21,2,C,FLA,51,11,11,22,0.43,4,6,13.85,4,98,17,15,32,-1,14,146
650000,Matt Bartkowski,USA,73,196,190,L,2010,29,8,D,CGY,18,0,3,3,0.17,-3,4,13.35,,253,7,40,47,-13,157,291
8000000,David Backes,USA,75,221,62,R,2006,33,12,RW,BOS,57,14,19,33,0.58,2,53,15.4,4,858,237,294,531,69,1091,1985
700000,Matt Hendricks,USA,72,209,131,L,2008,36,10,C,WPG,60,5,8,13,0.22,-1,39,9.42,6,581,54,59,113,-39,703,697
1250000,J.T. Brown,USA,70,169,,R,2011,27,6,RW,ANA,47,2,5,7,0.15,-5,24,9.07,,309,20,44,64,-5,192,447
650000,Matt Tennyson,USA,74,205,,R,2012,27,5,D,BUF,15,0,0,0,0,-8,8,17.97,11,120,3,17,20,-18,32,129
742500,Dominik Simon,CZE,71,176,137,L,2015,23,3,C,PIT,33,4,8,12,0.36,2,16,11.42,4,38,4,10,14,1,16,40
730000,Christian Jaros,SVK,75,201,139,R,2017,21,1,D,OTT,2,0,0,0,0,0,0,7.97,,2,0,0,0,0,0,0
2000000,Luke Glendening,USA,71,192,,R,2013,28,5,RW,DET,69,11,8,19,0.28,-14,17,13.2,5,362,35,44,79,-23,145,410
1000000,Yanni Gourde,CAN,69,172,,L,2015,26,3,C,TBL,82,25,39,64,0.78,34,50,16.16,,104,31,42,73,34,60,166
7250000,Bobby Ryan,USA,74,209,2,R,2007,30,11,RW,OTT,62,11,22,33,0.53,-12,14,16.44,14,731,234,271,505,28,386,1861
2825000,Ryan Murray,CAN,73,205,2,L,2013,24,5,D,CBJ,44,1,11,12,0.27,4,8,18.44,38,264,12,60,72,2,90,246
4900000,Alex Galchenyuk,USA,73,207,3,L,2012,23,6,LW,MTL,82,19,32,51,0.62,-31,22,16.23,,418,108,147,255,-34,151,870
5000000,Morgan Rielly,CAN,73,217,5,L,2013,23,5,D,TOR,76,6,46,52,0.68,-4,14,21.6,6,388,31,140,171,-70,89,764
6000000,Hampus Lindholm,SWE,75,208,6,L,2013,24,5,D,ANA,69,13,18,31,0.45,16,34,22.74,9,371,42,101,143,90,178,597
875000,Nail Yakupov,RUS,71,195,1,L,2012,24,6,RW,COL,58,9,7,16,0.28,2,26,10.84,3,350,62,74,136,-89,142,650
2750000,Matt Dumba,CAN,72,184,7,R,2013,23,5,D,MIN,82,14,36,50,0.61,15,41,23.81,,310,44,84,128,39,163,557
650000,Pontus Aberg,SWE,71,196,37,R,2016,24,2,LW,EDM,53,4,12,16,0.3,9,10,12.17,,68,5,13,18,7,14,82
725000,Phillip Di Giuseppe,CAN,72,200,38,L,2015,24,3,LW,CAR,49,5,8,13,0.27,0,17,10.5,,126,13,24,37,-12,50,200
1100000,Jordie Benn,CAN,74,198,,L,2011,30,7,D,MTL,77,4,11,15,0.19,-2,34,18.97,,392,17,71,88,4,157,425
742500,Sami Niku,FIN,73,176,198,L,2017,21,1,D,WPG,1,1,0,1,1,0,0,15.22,,1,1,0,1,0,0,2
1250000,Kyle Quincey,CAN,74,210,132,L,2005,32,13,D,MIN,18,0,3,3,0.17,-4,28,14.28,,586,36,122,158,8,548,893
650000,Stefan Matteau,USA,74,220,29,L,2012,23,4,C,VGK,8,0,1,1,0.13,0,0,8.2,,64,3,4,7,-14,27,65
3500000,Tanner Pearson,CAN,73,201,30,L,2013,25,5,LW,LAK,82,15,25,40,0.49,11,27,15.97,,308,69,74,143,43,80,603
875000,Scott Laughton,CAN,73,190,20,L,2012,23,5,C,PHI,81,10,10,20,0.25,-10,42,11.12,,190,19,28,47,-13,93,258
4083300,Olli Maatta,FIN,74,206,22,L,2013,23,5,D,PIT,82,7,22,29,0.35,-1,28,18.76,,302,24,69,93,52,86,471
1600000,Zemgus Girgensons,LVA,74,207,14,L,2013,24,5,C,BUF,71,7,8,15,0.21,-12,26,13.71,4,348,44,57,101,-41,103,565
3350000,Cody Ceci,CAN,74,209,15,R,2013,24,5,D,OTT,82,5,14,19,0.23,-27,12,23.34,,366,25,67,92,-37,70,614
2250000,Tom Wilson,CAN,76,218,16,R,2013,23,5,RW,WSH,78,14,21,35,0.45,10,187,15.99,,391,35,69,104,22,806,459
3200000,Tomas Hertl,CZE,74,220,17,L,2013,24,5,C,SJS,79,22,24,46,0.58,-2,41,18.1,4,328,81,89,170,12,101,720
2860000,Teuvo Teravainen,FIN,71,178,18,L,2013,23,5,LW,CAR,82,23,41,64,0.78,8,14,16.89,,278,55,95,150,4,52,560
800000,Derrick Pouliot,CAN,72,208,8,L,2014,24,4,D,VAN,71,3,19,22,0.31,-22,39,17.85,,138,5,31,36,-33,49,170
3500000,Jacob Trouba,USA,75,202,9,R,2013,23,5,D,WPG,55,3,21,24,0.44,9,34,21.9,4,326,34,95,129,29,239,685
800000,Slater Koekkoek,CAN,74,193,10,L,2014,23,4,D,TBL,35,4,4,8,0.23,4,18,11.24,,76,4,9,13,-1,30,87
6000000,Filip Forsberg,SWE,73,205,11,R,2012,23,6,LW,NSH,67,26,38,64,0.96,27,38,17.47,4,331,117,138,255,26,145,931
2000000,Radek Faksa,CZE,75,216,13,L,2015,24,3,C,DAL,79,17,16,33,0.42,21,36,15.27,5,204,34,44,78,24,119,317
650000,Patrick Sieloff,USA,73,205,42,L,2015,23,2,D,OTT,1,1,0,1,1,-2,0,11.18,,2,2,0,2,-1,2,4
6500000,Colton Parayko,CAN,78,230,86,R,2015,24,3,D,STL,82,6,29,35,0.43,-7,13,22.61,,242,19,84,103,28,74,565
650000,Brendan Leipsic,CAN,70,180,89,L,2015,23,2,LW,VAN,58,5,17,22,0.38,-4,14,13.14,8,64,6,19,25,-5,16,106
675000,Oskar Sundqvist,SWE,75,209,81,R,2015,23,3,C,STL,42,1,4,5,0.12,-5,14,10.48,,70,2,7,9,-9,20,63
2250000,Brad Richardson,CAN,72,190,163,L,2005,32,13,C,ARI,76,3,12,15,0.2,-24,45,14.77,4,683,81,123,204,-37,362,1023
2200000,Esa Lindell,FIN,75,213,74,L,2015,23,3,D,DAL,80,7,20,27,0.34,19,24,22.08,2,157,13,32,45,24,46,238
4900000,Marc Methot,CAN,76,233,168,L,2006,32,12,D,DAL,36,1,2,3,0.08,11,31,17.88,5,615,22,101,123,55,374,607
650000,Chandler Stephenson,CAN,72,203,77,L,2015,23,3,C,WSH,67,6,12,18,0.27,13,8,11.87,4,80,6,12,18,10,10,41
6000000,Shayne Gostisbehere,USA,71,180,78,L,2014,24,4,D,PHI,78,13,52,65,0.83,10,25,21.46,7,220,37,113,150,-5,81,573
650000,Jujhar Khaira,CAN,76,214,63,L,2015,23,3,LW,EDM,69,11,10,21,0.3,-7,47,12.71,5,94,12,12,24,-8,62,97
875000,Adam Pelech,CAN,75,217,65,L,2015,23,3,D,NYI,78,3,16,19,0.24,7,28,19.27,4,131,6,25,31,1,34,154
1650000,Nate Thompson,USA,73,214,183,L,2006,33,11,C,LAK,69,5,12,17,0.25,-1,20,12.77,8,619,53,75,128,-54,319,725
1750000,Jordan Martinook,CAN,72,204,58,L,2014,25,4,LW,ARI,81,6,9,15,0.19,-24,45,14.01,4,247,26,39,65,-44,103,338
767500,Boo Nieves,USA,75,212,59,L,2016,24,2,C,NYR,28,1,8,9,0.32,6,12,10.2,5,29,1,8,9,5,12,23
2500000,Damon Severson,CAN,74,205,60,R,2014,23,4,D,NJD,76,9,15,24,0.32,-8,42,19.68,,279,18,75,93,-60,154,433
650000,Martin Frk,CZE,73,205,49,R,2016,24,2,RW,DET,68,11,14,25,0.37,-14,14,10.29,8,70,11,14,25,-17,14,100
650000,Colton Sissons,CAN,73,200,50,R,2013,24,4,C,NSH,81,9,18,27,0.33,2,42,16.09,4,190,22,25,47,18,70,200
1775000,Jake McCabe,USA,73,210,44,L,2013,24,5,D,BUF,53,3,9,12,0.23,-11,26,19.5,4,215,10,37,47,-15,118,197
5650000,Mike Hoffman,CAN,72,181,130,L,2011,28,7,LW,OTT,82,22,34,56,0.68,-20,32,18.41,,342,107,123,230,10,119,989
875000,Brock McGinn,CAN,72,185,47,L,2015,23,3,LW,CAR,80,16,14,30,0.38,-12,22,14.5,1,158,26,24,50,-37,38,258
1700000,Micheal Ferland,CAN,74,208,133,L,2014,25,4,LW,CGY,77,21,20,41,0.53,5,24,15.02,4,250,42,47,89,-10,135,406
6000000,Joe Pavelski,USA,71,195,205,R,2006,33,12,C,SJS,82,22,44,66,0.8,0,41,19.26,,888,317,380,697,112,349,2660
850000,Connor Carrick,USA,70,192,137,R,2013,23,4,D,TOR,47,4,8,12,0.26,5,27,15.13,4,167,9,21,30,-1,116,191
900000,Kyle Brodziak,CAN,74,209,214,R,2005,33,13,C,STL,81,10,23,33,0.41,13,33,13.46,4,847,123,164,287,-38,429,1174
650000,Charles Hudon,CAN,70,188,122,L,2015,23,3,LW,MTL,72,10,20,30,0.42,-12,38,14.03,8,78,10,24,34,-9,40,185
670000,Trevor Carrick,CAN,74,186,115,L,2015,23,2,D,CAR,1,0,0,0,0,0,2,7.53,,3,0,0,0,-1,2,4
806558,Taylor Leier,CAN,71,180,117,L,2015,23,3,LW,PHI,39,1,4,5,0.13,-7,6,10.49,6,55,2,5,7,-8,10,58
792500,Jaccob Slavin,USA,75,205,120,L,2015,23,3,D,CAR,82,8,22,30,0.37,1,10,22.59,,227,15,69,84,25,30,337
1387500,Andreas Athanasiou,CAN,74,188,110,L,2015,23,3,LW,DET,71,16,17,33,0.46,-15,16,15.31,1,172,43,33,76,-21,49,343
8500000,Patrick Marleau,CAN,74,215,2,L,1997,38,20,C,TOR,82,27,20,47,0.57,1,16,16.99,,1575,535,594,1129,-7,475,4001
650000,Gemel Smith,CAN,70,190,104,L,2016,23,2,C,DAL,46,6,5,11,0.24,5,17,9.43,,63,9,8,17,4,38,61
650000,Brett Kulak,CAN,74,187,105,L,2014,24,4,D,CGY,71,2,6,8,0.11,-3,27,12.99,,101,2,9,11,-8,41,101
742500,Jake Guentzel,USA,71,180,77,L,2016,23,2,C,PIT,82,22,26,48,0.59,-9,42,16.49,,122,38,43,81,-2,52,252
5750000,Toby Enstrom,SWE,70,180,239,L,2007,33,11,D,WPG,43,1,5,6,0.14,8,20,17.03,4,719,54,254,308,5,422,819
825000,Cedric Paquette,CAN,73,198,101,L,2013,24,5,C,TBL,56,5,4,9,0.16,-5,41,10.2,4,236,27,23,50,-8,223,274
8000000,Dustin Byfuglien,USA,77,260,245,R,2005,32,13,D,WPG,69,8,37,45,0.65,15,112,24.34,14,827,173,321,494,-12,1025,2497
650000,Erik Gustafsson,SWE,72,176,93,L,2015,25,2,D,CHI,35,5,11,16,0.46,1,6,18.56,,76,5,25,30,12,10,129
5000000,Carl Soderberg,SWE,75,210,49,L,2012,32,6,C,COL,77,16,21,37,0.48,0,26,17.35,2,400,63,133,196,-21,148,739
874125,Paul LaDue,USA,74,198,181,R,2016,25,2,D,LAK,12,3,1,4,0.33,5,6,13.97,,34,3,9,12,0,10,40
1125000,Ryan Reaves,CAN,73,225,156,R,2010,31,8,RW,VGK,79,4,6,10,0.13,-7,94,7.6,,498,31,30,61,-11,789,283
817500,Vinnie Hinostroza,USA,69,173,169,R,2015,23,3,LW,CHI,50,7,18,25,0.5,5,10,13.82,,106,13,26,39,3,33,168
5000000,Matt Moulson,CAN,73,203,263,L,2007,34,11,LW,BUF,14,0,0,0,0,-9,2,10.29,,650,176,193,369,-42,122,1449
650000,Tanner Glass,CAN,73,213,265,L,2007,34,11,LW,CGY,16,0,0,0,0,-4,19,9.38,,527,24,45,69,-55,658,413
832500,Jared McCann,CAN,73,198,24,L,2015,21,3,C,FLA,68,9,19,28,0.41,11,30,13.26,10,166,19,34,53,4,66,293
1750000,Antoine Vermette,CAN,73,197,55,L,2003,35,14,C,ANA,64,8,8,16,0.25,-5,34,13.75,,1046,228,287,515,-49,622,1836
700000,David Booth,USA,72,212,53,L,2006,33,10,LW,DET,28,4,1,5,0.18,-5,10,6.97,4,530,124,112,236,-31,216,1378
892500,Christoph Bertschy,CHE,70,185,158,R,2015,23,3,C,MIN,1,0,0,0,0,1,4,5.38,,9,0,1,1,1,8,8
700000,Jake Dotchin,CAN,75,210,161,R,2016,23,2,D,TBL,48,3,8,11,0.23,17,38,16.48,4,83,3,19,22,27,73,98
660000,Joseph Blandisi,CAN,72,182,162,L,2015,23,3,C,ANA,3,0,0,0,0,2,2,11.68,4,71,8,18,26,-22,62,71
2100000,Connor Brown,CAN,72,185,156,R,2015,24,3,RW,TOR,82,14,14,28,0.34,0,18,15.01,4,171,35,35,70,1,28,269
2800000,Ben Hutton,CAN,74,207,147,L,2015,24,3,D,VAN,61,0,6,6,0.1,-9,23,18.41,9,207,6,44,50,-52,68,337
1250000,Sven Andrighetto,CHE,70,188,86,L,2014,24,4,RW,COL,50,8,14,22,0.44,-15,10,14.49,4,152,24,42,66,-13,28,265
650000,Steven Kampfer,USA,71,195,93,R,2010,29,6,D,NYR,22,0,1,1,0.05,-7,20,17.25,4,166,10,16,26,0,82,200
4250000,Jonathan Ericsson,SWE,76,220,291,L,2007,33,11,D,DET,81,3,10,13,0.16,-7,47,19.31,1,610,24,96,120,1,496,630
650000,Jaycob Megna,USA,78,219,210,L,2016,25,2,D,ANA,14,0,1,1,0.07,-4,2,15.71,,15,0,1,1,-3,2,7
1250000,Adam Lowry,USA,77,210,67,L,2014,24,4,C,WPG,45,8,13,21,0.47,9,8,14.89,23,281,41,49,90,2,159,369
650000,Christian Djoos,SWE,72,169,195,L,2017,23,1,D,WSH,63,3,11,14,0.22,13,10,14.03,4,63,3,11,14,13,10,60
650000,Joakim Ryan,USA,71,185,198,L,2017,24,1,D,SJS,62,3,9,12,0.19,13,8,16.75,11,62,3,9,12,13,8,79
5850000,Brandon Dubinsky,USA,74,205,60,L,2006,31,12,C,CBJ,62,6,10,16,0.26,-2,33,15.34,4,762,147,277,424,40,869,1562
1000000,Matt Cullen,USA,73,202,35,L,1997,41,20,C,MIN,79,11,11,22,0.28,-1,20,11.89,,1445,259,452,711,-30,578,2687
650000,Nicolas Kerdiles,USA,74,200,36,L,2016,24,2,LW,ANA,2,0,0,0,0,0,0,3.75,,3,0,0,0,1,0,0
650000,Liam O'Brien,CAN,73,215,,L,2014,23,3,C,WSH,3,0,0,0,0,0,5,6.92,,17,1,1,2,4,28,17
650000,Keegan Lowe,USA,73,193,73,L,2014,24,2,D,EDM,2,0,0,0,0,-1,0,13.9,,4,0,0,0,-3,10,4
650000,Kurtis MacDermid,CAN,77,233,,L,2017,23,1,D,LAK,34,1,3,4,0.12,-4,57,11.6,,34,1,3,4,-4,57,19
742500,Victor Ejdsell,SWE,77,214,,L,2017,22,1,C,CHI,6,0,1,1,0.17,-1,0,13.32,,6,0,1,1,-1,0,7
660000,Blake Coleman,USA,71,200,75,L,2016,26,2,C,NJD,79,13,12,25,0.32,7,50,14.4,,102,14,13,27,0,77,175
720000,Ashton Sautner,CAN,73,195,,L,2017,23,1,D,VAN,5,0,2,2,0.4,4,2,13.36,,5,0,2,2,4,2,3
650000,Logan Shaw,CAN,75,208,76,R,2015,26,3,RW,MTL,72,4,10,14,0.19,-6,12,11.88,,180,12,19,31,-10,35,236
7000000,Alexander Steen,SWE,72,211,24,L,2005,33,13,LW,STL,76,15,31,46,0.61,-11,20,18.69,6,898,228,350,578,33,428,2246
730000,Ethan Bear,CAN,71,209,124,R,2017,20,1,D,EDM,18,1,3,4,0.22,-11,10,18.63,,18,1,3,4,-11,10,20
6750000,Mark Giordano,CAN,72,198,,L,2005,34,12,D,CGY,82,13,25,38,0.46,0,63,24.79,,755,112,266,378,55,642,1509
1200000,Mark Borowiecki,CAN,73,207,139,L,2011,28,7,D,OTT,52,3,8,11,0.21,-6,64,14.64,4,269,7,21,28,0,500,181
5500000,Andrej Sekera,SVK,72,200,71,L,2006,31,12,D,EDM,36,0,8,8,0.22,-15,6,16.33,6,683,45,187,232,-9,172,941
675000,Jayson Megna,USA,73,195,,R,2013,27,5,C,VAN,1,0,0,0,0,0,0,4.3,,113,10,10,20,-6,28,130
4000000,Marco Scandella,CAN,75,208,55,L,2010,27,8,D,BUF,82,5,17,22,0.27,-15,37,23.32,,455,32,79,111,-25,185,641
7000000,Daniel Sedin,SWE,73,190,2,L,2000,37,17,LW,VAN,81,23,32,55,0.68,-21,40,15.27,4,1306,393,648,1041,147,546,3474
7000000,Henrik Sedin,SWE,74,183,3,L,2000,37,17,C,VAN,82,3,47,50,0.61,-22,30,15.55,,1330,240,830,1070,165,680,1856
4000000,Tyler Bozak,CAN,73,199,,R,2009,31,9,C,TOR,81,11,32,43,0.53,6,28,15.64,1,594,136,229,365,-78,182,983
650000,Josh Leivo,CAN,74,210,86,R,2013,24,5,LW,TOR,16,1,3,4,0.25,0,6,10.57,,57,10,12,22,3,20,86
730000,Andrew Mangiapane,CAN,70,184,166,L,2017,21,1,LW,CGY,10,0,0,0,0,-3,2,8.93,,10,0,0,0,-3,2,7
650000,Tanner Fritz,CAN,71,192,,R,2017,26,1,C,NYI,34,3,4,7,0.21,-3,8,12.52,9,34,3,4,7,-3,8,27
1000000,David Desharnais,CAN,67,180,,L,2009,31,9,C,NYR,71,6,22,28,0.39,-22,18,13.06,5,524,87,195,282,13,160,598
10000000,Brent Burns,CAN,77,230,20,R,2003,32,14,D,SJS,82,12,55,67,0.82,-16,46,25.24,,961,182,384,566,2,617,2571
7000000,Johnny Boychuk,CAN,74,227,61,R,2007,34,11,D,NYI,58,6,12,18,0.31,-8,30,20.19,4,587,49,127,176,124,292,1294
650000,Jordan Schroeder,USA,69,170,22,R,2012,27,6,LW,CBJ,21,1,1,2,0.1,-4,4,7.48,4,165,18,24,42,5,14,188
4750000,Marcus Johansson,SWE,73,205,24,L,2010,27,8,LW,NJD,29,5,9,14,0.48,-11,14,15.99,5,530,107,197,304,11,76,780
4500000,Kyle Palmieri,USA,71,185,26,R,2010,26,8,RW,NJD,62,24,20,44,0.71,-1,30,17.31,4,422,123,120,243,15,205,990
842500,Nick Lappin,USA,73,175,,R,2016,25,2,RW,NJD,6,1,0,1,0.17,2,4,9.76,,49,5,3,8,-15,21,64
700000,Landon Ferraro,CAN,72,176,32,R,2013,26,4,C,MIN,2,1,0,1,0.5,1,0,4.42,4,77,7,5,12,-9,29,86
9000000,Ryan O'Reilly,CAN,73,216,33,L,2009,26,9,C,BUF,81,24,37,61,0.75,-23,2,20.82,,651,155,267,422,-53,84,1457
3900000,Josh Gorges,CAN,73,204,,L,2005,33,13,D,BUF,34,0,2,2,0.06,-4,17,14.94,4,783,17,107,124,-6,404,515
1700000,Kyle Clifford,CAN,74,211,35,L,2010,27,8,LW,LAK,50,6,4,10,0.2,-4,48,10.55,32,535,43,51,94,-10,678,675
660000,Alex Chiasson,CAN,76,208,38,R,2012,27,6,RW,WSH,61,9,9,18,0.3,1,26,11.77,,381,59,65,124,-26,222,513
3750000,Jakob Silfverberg,SWE,74,202,39,R,2012,27,6,RW,ANA,77,17,23,40,0.52,6,18,17.96,4,419,93,116,209,50,118,1071
775000,Tim Schaller,USA,74,210,,L,2014,27,4,C,BOS,82,12,10,22,0.27,-5,42,13.28,,176,21,20,41,-13,69,259
6000000,John Tavares,CAN,73,208,1,L,2009,27,9,C,NYI,82,37,47,84,1.02,-12,26,19.93,,669,272,349,621,-42,307,2110
5500000,Danny DeKeyser,USA,75,192,,L,2012,27,6,D,DET,65,6,6,12,0.18,2,28,20.32,4,381,24,75,99,7,179,410
5075000,Marian Gaborik,SVK,73,200,3,L,2000,35,17,RW,OTT,46,11,10,21,0.46,2,24,13.97,9,1035,407,408,815,95,492,3207
6000000,Evander Kane,CAN,74,212,4,L,2009,26,9,LW,SJS,78,29,25,54,0.69,-9,82,19.58,2,574,186,168,354,-50,671,2052
5000000,Brayden Schenn,CAN,73,200,5,L,2009,26,9,C,STL,82,28,42,70,0.85,10,56,19.73,,515,137,181,318,-22,273,1087
4500000,Cam Atkinson,USA,68,179,157,R,2011,28,7,RW,CBJ,65,24,22,46,0.71,19,14,18.9,4,447,145,128,273,28,116,1282
650000,Casey Nelson,USA,73,185,,R,2015,25,3,D,BUF,37,3,5,8,0.22,-14,8,18.78,1,55,3,9,12,-16,20,63
800000,Magnus Paajarvi,SWE,75,206,10,L,2010,26,8,LW,OTT,79,8,4,12,0.15,-11,12,12.45,4,387,51,54,105,-40,72,668
3000000,Ryan Ellis,CAN,70,180,11,R,2011,27,7,D,NSH,44,9,23,32,0.73,26,6,23.36,4,396,55,118,173,76,140,725
3300000,Calvin de Haan,CAN,73,198,12,L,2011,26,6,D,NYI,33,1,11,12,0.36,11,8,18.75,4,304,12,69,81,26,118,427
1850000,Zack Kassian,CAN,75,209,13,R,2011,27,7,RW,EDM,74,7,12,19,0.26,-8,92,11.67,9,387,52,65,117,-29,614,487
742500,Peter Cehlarik,SVK,74,202,90,L,2016,22,2,LW,BOS,6,1,1,2,0.33,2,2,13.93,4,17,1,3,4,2,2,11
742500,Kevin Labanc,USA,71,185,171,R,2016,22,2,RW,SJS,77,11,29,40,0.52,-6,32,14.35,,132,19,41,60,3,54,226
5000000,Nick Leddy,USA,72,204,16,L,2010,26,8,D,NYI,80,10,32,42,0.53,-42,20,22.42,1,578,56,202,258,-26,105,850
10000000,Corey Perry,CAN,75,213,28,R,2005,32,13,RW,ANA,71,17,32,49,0.69,-4,71,17.78,4,957,366,400,766,92,1083,2811
5000000,Chris Kreider,USA,75,224,19,L,2012,26,6,LW,NYR,58,16,21,37,0.64,-2,44,15.62,24,381,105,114,219,51,326,816
700000,Jacob Josefson,SWE,72,196,20,L,2010,26,8,C,BUF,39,2,2,4,0.1,-4,6,11.38,16,315,20,44,64,-21,84,335
1950000,John Moore,USA,74,210,21,L,2010,27,8,D,NJD,81,7,11,18,0.22,3,47,20.01,,447,32,67,99,-32,184,634
1800000,Brayden McNabb,CAN,76,212,66,L,2011,27,6,D,VGK,76,5,10,15,0.2,26,52,20.15,4,314,12,53,65,49,271,333
6000000,Reilly Smith,CAN,72,185,69,L,2011,26,7,RW,VGK,67,22,38,60,0.9,31,24,17.92,4,432,98,149,247,69,116,820
650000,Carter Rowney,CAN,74,200,,R,2016,28,2,RW,PIT,44,2,3,5,0.11,-13,4,9.35,14,71,5,7,12,-11,8,45
6000000,Tomas Tatar,SVK,70,185,60,L,2010,27,7,LW,VGK,82,20,14,34,0.41,-19,34,16.27,,427,119,109,228,-3,146,912
650000,Kevin Rooney,USA,74,190,,L,2016,24,2,C,NJD,1,0,0,0,0,0,0,11.77,,5,0,0,0,-3,4,5
650000,Chad Ruhwedel,USA,71,191,,R,2012,27,6,D,PIT,44,2,3,5,0.11,-8,16,15.73,4,111,4,13,17,1,28,160
700000,Brandon Tanev,CAN,72,180,,L,2015,26,3,LW,WPG,61,8,10,18,0.3,13,18,12.66,13,115,10,12,22,7,46,137
6500000,Dmitry Orlov,RUS,71,212,55,L,2011,26,6,D,WSH,82,10,21,31,0.38,10,22,23.13,,365,30,94,124,53,136,451
650000,Paul Carey,USA,73,200,135,L,2013,29,5,C,NYR,60,7,7,14,0.23,-13,20,10.26,,92,8,8,16,-11,20,75
650000,Brandon Pirri,CAN,72,186,59,L,2010,26,8,C,VGK,2,3,0,3,1.5,3,0,17.62,,228,60,41,101,4,77,466
4100000,Brian Dumoulin,USA,76,207,51,L,2013,26,5,D,PIT,80,5,13,18,0.23,-5,30,20.62,2,243,7,44,51,7,64,288
2800000,Richard Panik,SVK,73,208,52,L,2012,26,6,RW,ARI,72,14,21,35,0.49,7,38,15.2,2,335,61,65,126,6,176,507
700000,Luke Witkowski,USA,74,210,160,R,2014,27,4,RW,DET,31,1,3,4,0.13,-1,68,6.89,,85,1,7,8,-2,126,51
2000000,Marcus Foligno,CAN,75,232,104,L,2011,26,7,LW,MIN,77,8,15,23,0.3,2,72,10.86,1,424,57,82,139,-15,406,480
6000000,Matt Duchene,CAN,71,195,3,L,2009,27,9,C,OTT,82,27,32,59,0.72,-22,18,18.33,,654,201,276,477,-83,158,1620
650000,Jordan Szwarz,CAN,71,200,97,R,2013,26,3,RW,BOS,12,0,3,3,0.25,-4,2,11.51,,47,4,3,7,-12,23,52
4250000,Craig Smith,USA,73,208,98,R,2011,28,7,RW,NSH,79,25,26,51,0.65,20,24,15.38,4,516,123,138,261,38,210,1304
800000,Chris Wideman,USA,70,183,100,R,2015,28,3,D,OTT,16,3,5,8,0.5,5,6,11.56,4,156,14,24,38,16,86,234
3000000,Casey Cizikas,CAN,71,200,92,L,2011,26,7,C,NYI,64,7,10,17,0.27,-12,23,13.22,11,413,44,80,124,-12,158,466
4000000,David Savard,CAN,74,227,94,R,2011,27,7,D,CBJ,81,4,12,16,0.2,2,32,19.38,,407,32,93,125,27,236,612
775000,Nicolas Deslauriers,CAN,73,215,84,L,2013,26,5,LW,MTL,58,10,4,14,0.24,7,55,11.59,,269,22,22,44,-47,241,281
3850000,Cody Eakin,CAN,72,190,85,L,2011,26,7,C,VGK,80,11,16,27,0.34,-6,22,14.54,4,459,76,105,181,-17,210,722
742500,Alex DeBrincat,USA,67,165,39,R,2017,20,1,RW,CHI,82,28,24,52,0.63,6,6,14.8,,82,28,24,52,6,6,181
2350000,Michael Raffl,AUT,72,200,,L,2013,29,5,LW,PHI,76,13,9,22,0.29,9,28,13.25,4,345,64,50,114,19,140,526
1050000,Kevin Connauton,CAN,74,205,83,L,2013,27,5,D,ARI,73,11,10,21,0.29,3,20,15.18,4,260,26,42,68,8,155,384
900000,Clayton Keller,USA,70,170,7,L,2016,19,2,C,ARI,82,23,42,65,0.79,-7,24,18.09,,85,23,44,67,-10,24,212
4000000,Zdeno Chara,SVK,81,250,56,L,1997,40,20,D,BOS,73,7,17,24,0.33,22,60,22.9,9,1423,195,433,628,240,1839,3086
650000,Gabriel Dumont,CAN,70,190,139,R,2011,27,6,C,OTT,30,1,1,2,0.07,1,6,9.04,13,87,4,5,9,1,48,98
5500000,Justin Faulk,USA,72,215,37,R,2011,25,7,D,CAR,76,8,23,31,0.41,-26,48,22.27,7,477,74,149,223,-109,218,1187
650000,Wade Megan,USA,73,191,138,L,2016,27,2,C,STL,1,0,0,0,0,0,0,8.35,,4,1,0,1,1,0,7
750000,Gabriel Bourque,CAN,70,206,132,L,2011,27,7,LW,COL,58,5,6,11,0.19,-6,12,10.9,4,306,36,53,89,-20,58,366
867500,Anton Blidh,SWE,72,201,180,L,2016,22,2,LW,BOS,1,0,0,0,0,0,0,10.38,,20,1,1,2,-2,7,26
900000,Tyson Jost,CAN,71,191,10,L,2016,19,2,C,COL,65,12,10,22,0.34,-10,26,14.63,12,71,13,10,23,-15,26,122
792500,Janne Kuokkanen,FIN,73,188,43,L,2017,19,1,C,CAR,4,0,0,0,0,-3,0,11.06,,4,0,0,0,-3,0,6
650000,Byron Froese,CAN,73,202,119,R,2015,26,3,C,MTL,48,3,8,11,0.23,0,26,11.58,4,110,5,11,16,-14,47,119
1200000,Ben Chiarot,CAN,75,219,120,L,2013,26,5,D,WPG,57,2,12,14,0.25,15,32,15.28,,227,7,37,44,10,130,217
742500,Victor Mete,CAN,69,184,100,L,2017,19,1,D,MTL,49,0,7,7,0.14,5,4,15.59,18,49,0,7,7,5,4,43
950000,Markus Granlund,FIN,72,183,45,L,2013,24,5,C,VAN,53,8,4,12,0.23,-10,8,16.26,4,224,43,32,75,-35,52,345
2750000,Erik Haula,FIN,72,193,182,L,2013,26,5,LW,VGK,76,29,26,55,0.72,-16,37,17.37,8,342,71,73,144,17,150,556
742500,John Gilmour,CAN,72,195,198,L,2017,24,1,D,NYR,28,2,3,5,0.18,-11,14,17.18,,28,2,3,5,-11,14,61
9500000,Evgeni Malkin,RUS,75,195,2,L,2006,31,12,C,PIT,78,42,56,98,1.26,16,87,18.99,4,784,370,560,930,91,813,2687
675000,Austin Czarnik,USA,69,160,,R,2016,25,2,C,BOS,10,0,4,4,0.4,-1,0,10.91,4,59,5,12,17,-11,12,73
675000,MacKenzie Weegar,CAN,72,212,206,R,2016,24,2,D,FLA,60,2,6,8,0.13,5,32,14.57,,63,2,6,8,5,36,61
742500,Samuel Girard,CAN,70,162,47,L,2017,19,1,D,COL,73,4,19,23,0.32,-11,8,17.65,,73,4,19,23,-11,8,84
725000,Joel Hanley,CAN,71,191,,L,2015,26,3,D,ARI,5,0,0,0,0,0,0,11.13,,22,0,6,6,-3,4,17
10000000,Alex Ovechkin,RUS,75,235,1,R,2005,32,13,LW,WSH,82,49,38,87,1.06,3,32,20.14,,1003,607,515,1122,87,649,4896
732500,Jesper Bratt,SWE,70,175,162,L,2017,19,1,LW,NJD,74,13,22,35,0.47,-16,18,15.25,1,74,13,22,35,-16,18,100
7500000,Andrew Ladd,CAN,75,192,4,L,2005,32,13,LW,NYI,73,12,17,29,0.4,11,24,15.89,4,920,245,281,526,35,548,2055
5800000,Blake Wheeler,USA,77,225,5,R,2008,31,10,RW,WPG,81,23,68,91,1.12,13,52,20.26,,778,222,383,605,99,512,2055
1250000,Dennis Seidenberg,DEU,72,199,172,L,2002,36,15,D,NYI,28,0,5,5,0.18,-9,17,17.88,,859,44,207,251,39,359,1430
800000,Drew Stafford,USA,74,215,13,R,2006,32,12,RW,NJD,59,8,7,15,0.25,-20,10,13.86,4,784,191,224,415,-51,397,1790
650000,Darren Archibald,CAN,75,210,,L,2013,27,2,RW,VAN,27,4,5,9,0.33,-1,14,14.86,,43,5,7,12,0,14,39
800000,Nick Jensen,USA,72,194,150,R,2016,27,2,D,DET,81,0,15,15,0.19,-8,27,16.26,,130,4,24,28,-15,39,166
1000000,Jordan Nolan,CAN,75,219,186,L,2011,28,7,C,BUF,69,4,4,8,0.12,-13,69,9.8,,361,24,26,50,-26,333,282
7000000,Vladimir Tarasenko,RUS,72,225,16,L,2012,26,6,RW,STL,80,33,33,66,0.83,15,17,19.06,4,421,178,172,350,69,123,1359
725000,Ben Sexton,CAN,71,196,206,R,2017,26,1,C,OTT,2,0,0,0,0,-1,0,10.28,,2,0,0,0,-1,0,1
6500000,Travis Zajac,CAN,74,185,20,R,2006,32,12,C,NJD,63,12,14,26,0.41,-8,25,17.91,4,842,167,294,461,18,290,1569
650000,Jonny Brodzinski,USA,73,217,148,L,2016,24,2,C,LAK,35,4,2,6,0.17,4,6,9.51,,41,4,4,8,6,8,70
6000000,Mike Green,CAN,73,207,29,R,2005,32,13,D,DET,66,8,25,33,0.5,-14,38,22.08,13,787,142,322,464,18,532,1750
650000,Nic Dowd,USA,74,197,198,R,2015,27,3,C,VAN,56,3,1,4,0.07,-10,28,10.54,,131,9,17,26,-24,55,132
725000,Tyrell Goulbourne,CAN,71,195,72,L,2017,24,1,LW,PHI,9,0,0,0,0,-2,2,5.58,,9,0,0,0,-2,2,2
2400000,Blake Comeau,CAN,73,202,47,R,2006,31,12,LW,COL,79,13,21,34,0.43,5,50,15.87,3,720,121,164,285,-69,454,1268
700000,Mattias Janmark,SWE,73,196,79,L,2015,25,2,C,DAL,81,19,15,34,0.42,-13,24,16.93,4,154,34,29,63,-1,40,244
1200000,Anthony Duclair,CAN,71,191,80,L,2014,22,4,LW,CHI,56,11,12,23,0.41,-5,16,13.28,13,213,37,52,89,4,83,296
4500000,Nikita Zaitsev,RUS,74,195,,R,2016,26,2,D,TOR,60,5,8,13,0.22,8,31,22.22,21,142,9,40,49,-14,69,160
2500000,Lee Stempniak,USA,71,195,148,R,2005,34,13,RW,CAR,37,3,6,9,0.24,-8,4,12.47,4,909,203,266,469,-30,327,1864
1000000,Brandon Manning,CAN,73,205,,L,2011,27,6,D,PHI,65,7,12,19,0.29,0,56,17.95,4,207,11,32,43,-2,212,283
700000,Oliver Bjorkstrand,DNK,72,177,89,R,2015,22,3,RW,CBJ,82,11,29,40,0.49,4,9,14.29,,120,21,40,61,14,15,243
6100000,Alex Goligoski,USA,71,185,61,L,2007,32,11,D,ARI,78,12,23,35,0.45,-31,26,23.28,4,722,73,275,348,28,254,1164
7500000,David Krejci,CZE,72,188,63,R,2006,31,12,C,BOS,64,17,27,44,0.69,10,18,16.88,10,769,174,396,570,106,284,1431
650000,Nick Paul,CAN,76,230,101,L,2015,22,3,LW,OTT,11,1,0,1,0.09,-4,0,7.9,,36,3,3,6,-9,6,43
650000,Justin Auger,CAN,78,232,103,R,2017,23,1,RW,LAK,2,0,0,0,0,-1,0,7.99,,2,0,0,0,-1,0,1
900000,Andrew Copp,USA,73,206,104,L,2014,23,4,C,WPG,82,9,19,28,0.34,17,14,13.73,,224,25,34,59,35,38,231
650000,Ben Harpur,CAN,78,222,108,L,2015,23,3,D,OTT,41,0,1,1,0.02,-21,21,14.89,4,52,0,2,2,-21,23,32
900000,Michal Kempny,CZE,72,194,,L,2016,27,2,D,WSH,53,3,7,10,0.19,14,26,15.91,4,103,5,13,18,15,48,149
700000,Yohann Auvitu,FRA,71,187,,L,2016,28,2,D,EDM,33,3,6,9,0.27,4,8,13.56,4,58,5,8,13,5,10,123
3000000,Ryan Strome,CAN,73,194,5,R,2013,24,5,C,EDM,82,13,21,34,0.41,-4,33,15.22,,340,58,102,160,1,156,661
4400000,Alexei Emelin,RUS,74,218,84,L,2011,31,7,D,NSH,76,1,8,9,0.12,9,40,16.88,2,456,15,66,81,-9,363,408
2750000,Andre Burakovsky,SWE,75,201,23,L,2014,22,4,LW,WSH,56,12,13,25,0.45,3,27,13.84,4,252,50,70,120,32,63,386
832500,Michael McCarron,USA,78,230,25,R,2015,22,3,RW,MTL,18,0,1,1,0.06,-1,32,8.76,,69,2,6,8,-15,110,87
6000000,Alexander Edler,SWE,75,214,91,L,2006,31,12,D,VAN,70,6,28,34,0.49,-18,68,24.28,4,758,84,250,334,-44,491,1676
850000,Marko Dano,SVK,71,212,27,L,2014,23,4,C,WPG,23,2,1,3,0.13,-2,6,7.19,,130,19,26,45,3,40,204
832500,Morgan Klimchuk,CAN,72,185,28,L,2017,22,1,LW,CGY,1,0,0,0,0,0,0,7.42,,1,0,0,0,0,0,0
832500,Jason Dickinson,CAN,74,205,29,L,2015,22,3,C,DAL,27,0,2,2,0.07,-2,17,8.53,,38,3,2,5,-4,17,27
832500,Ryan Hartman,USA,72,181,30,R,2014,23,4,RW,NSH,78,11,20,31,0.4,1,72,13.06,1,162,30,33,63,12,144,310
832500,Chris Bigras,CAN,73,190,32,L,2015,22,2,D,COL,15,0,1,1,0.07,-2,2,13.86,1,46,1,3,4,-4,18,29
832500,Adam Erne,USA,73,214,33,L,2016,22,2,LW,TBL,23,3,1,4,0.17,-1,11,10.12,6,49,6,1,7,-10,22,69
725000,Jacob de la Rose,SWE,75,210,34,L,2014,22,4,LW,MTL,55,4,8,12,0.22,-2,29,11.85,,119,8,11,19,-16,51,115
685000,Valentin Zykov,RUS,73,224,37,R,2016,22,2,LW,CAR,10,3,4,7,0.7,4,2,13.71,,12,4,4,8,5,2,21
750000,Laurent Dauphin,CAN,73,180,39,L,2015,22,3,C,ARI,2,0,0,0,0,-1,2,7.23,15,34,3,1,4,-3,18,40
700000,Remi Elie,CAN,73,210,40,L,2016,22,2,LW,DAL,72,6,8,14,0.19,5,18,10.25,5,90,7,14,21,10,26,85
832500,Robert Hagg,SWE,74,204,41,L,2016,22,2,D,PHI,70,3,6,9,0.13,5,32,18.14,4,71,3,6,9,5,32,94
832500,Nic Petan,CAN,69,179,43,L,2015,22,3,LW,WPG,15,2,0,2,0.13,0,6,8.41,,95,5,16,21,-11,28,98
675000,Gustav Olofsson,SWE,75,196,46,L,2015,23,3,D,MIN,41,0,8,8,0.2,0,14,12.77,5,56,0,11,11,-1,16,30
827500,Dillon Heatherington,CAN,76,215,50,L,2017,22,1,D,DAL,6,0,1,1,0.17,3,26,10.85,,6,0,1,1,3,26,6
742500,Carl Dahlstrom,SWE,76,231,51,L,2017,23,1,D,CHI,11,0,3,3,0.27,-2,0,17.51,,11,0,3,3,-2,0,12
650000,Justin Bailey,USA,76,214,52,R,2015,22,3,RW,BUF,12,3,1,4,0.33,-2,2,11.28,5,52,5,3,8,-4,8,77
750000,Madison Bowey,CAN,74,198,53,R,2017,22,1,D,WSH,51,0,12,12,0.24,-3,24,13.71,,51,0,12,12,-3,24,47
6000000,Marc Staal,CAN,76,209,12,L,2007,31,11,D,NYR,72,1,7,8,0.11,11,18,18.53,12,761,38,126,164,50,384,841
750000,William Carrier,CAN,74,212,57,L,2016,23,2,LW,VGK,37,1,2,3,0.08,-3,19,8.84,31,78,6,5,11,-4,40,102
650000,Tyler Bertuzzi,CAN,72,190,58,L,2016,22,2,LW,DET,48,7,17,24,0.5,-7,39,14.4,,55,7,17,24,-8,39,86
1300000,Torrey Mitchell,CAN,71,186,126,R,2007,33,10,C,LAK,60,6,5,11,0.18,-5,30,11.4,8,666,67,85,152,-10,351,727
6500000,Ryan Callahan,USA,70,187,127,R,2006,32,12,RW,TBL,67,5,13,18,0.27,-4,29,13.32,9,705,179,190,369,-2,414,1767
650000,Mike Liambas,CAN,70,196,,L,2016,28,2,LW,ANA,7,0,1,1,0.14,0,21,5.29,4,8,0,1,1,-1,21,3
892500,Brett Pesce,USA,75,200,66,R,2015,23,3,D,CAR,65,3,16,19,0.29,-6,18,20.9,4,216,9,46,55,10,54,282
1750000,Kris Versteeg,CAN,71,176,134,R,2007,31,11,RW,CGY,24,3,5,8,0.33,-8,6,13.18,4,643,149,209,358,9,374,1357
750000,Nicholas Baptiste,CAN,73,205,69,R,2016,22,2,RW,BUF,33,4,2,6,0.18,-4,14,9.97,,47,7,3,10,-3,20,61
5750000,Nathan MacKinnon,CAN,72,205,1,R,2013,22,5,C,COL,74,39,58,97,1.31,11,55,19.91,4,374,114,189,303,6,151,1213
5250000,Aleksander Barkov,FIN,75,213,2,L,2013,22,5,C,FLA,79,27,51,78,0.99,9,14,22.07,6,331,100,149,249,33,58,779
6500000,Jonathan Drouin,CAN,72,203,3,L,2014,22,4,C,MTL,77,13,33,46,0.6,-28,30,17.6,5,241,42,99,141,-37,84,448
5400000,Seth Jones,USA,76,210,4,R,2013,23,5,D,CBJ,78,16,41,57,0.73,10,30,24.6,3,393,45,137,182,-18,120,781
2900000,Elias Lindholm,SWE,73,192,5,R,2013,23,5,C,CAR,81,16,28,44,0.54,-8,18,17.89,4,374,64,124,188,-70,76,720
6500000,Sean Monahan,CAN,75,195,6,L,2013,23,5,C,CGY,74,31,33,64,0.86,3,24,18.68,4,393,138,143,281,-16,82,929
832500,Darnell Nurse,CAN,76,221,7,L,2014,22,4,D,EDM,82,6,20,26,0.32,15,67,22.25,,197,14,33,47,0,160,401
5400000,Rasmus Ristolainen,FIN,76,218,8,R,2013,23,5,D,BUF,73,6,35,41,0.56,-25,48,26.5,4,346,31,120,151,-102,171,743
6500000,Bo Horvat,CAN,72,223,9,L,2014,22,4,C,VAN,64,22,22,44,0.69,-1,10,19.35,4,295,71,90,161,-46,71,564
832500,Samuel Morin,CAN,78,202,11,L,2016,22,2,D,PHI,2,0,0,0,0,1,4,15.81,,3,0,0,0,1,4,3
832500,Max Domi,CAN,70,195,12,L,2015,22,3,LW,ARI,82,9,36,45,0.55,-7,73,16.71,,222,36,99,135,-13,185,414
832500,Josh Morrissey,CAN,72,195,13,L,2015,22,3,D,WPG,81,7,19,26,0.32,15,47,20.45,,164,13,33,46,21,85,202
3500000,Alexander Wennberg,SWE,74,196,14,L,2014,23,4,C,CBJ,66,8,27,35,0.53,22,12,18.13,4,283,33,121,154,11,57,365
832500,Ryan Pulock,CAN,74,214,15,R,2015,23,3,D,NYI,68,10,22,32,0.47,-4,14,18.41,,84,12,24,36,-2,19,199
2100000,Nikita Zadorov,RUS,77,230,16,L,2013,22,5,D,COL,77,7,13,20,0.26,4,103,19.47,,222,11,37,48,-35,243,229
850000,Curtis Lazar,CAN,72,209,17,R,2014,22,4,C,CGY,65,2,10,12,0.18,-8,23,9.86,,245,15,36,51,-16,59,261
775000,Mirco Mueller,CHE,75,210,18,L,2014,22,4,D,NJD,28,0,4,4,0.14,1,4,16.68,31,82,2,8,10,-9,21,61
3500000,Radko Gudas,CZE,72,204,66,R,2012,27,6,D,PHI,70,2,14,16,0.23,0,83,17.1,4,339,20,65,85,5,516,613
832500,Anthony Mantha,CAN,77,225,20,L,2015,23,3,RW,DET,80,24,24,48,0.6,-1,52,17.29,4,150,43,44,87,3,107,341
832500,Frederik Gauthier,CAN,77,232,21,L,2015,22,3,C,TOR,9,1,0,1,0.11,-4,0,8.74,,37,3,2,5,-7,23,30
8000000,Brad Marchand,CAN,69,181,71,L,2009,29,9,LW,BOS,68,34,51,85,1.25,25,63,19.72,4,602,226,233,459,181,578,1426
5500000,Nick Foligno,USA,72,202,28,L,2007,30,11,LW,CBJ,72,15,18,33,0.46,1,50,18.35,4,768,169,231,400,-11,631,1407
650000,Jean-Sebastien Dea,CAN,71,175,,R,2016,23,2,C,PIT,5,1,0,1,0.2,1,2,5.49,,6,1,0,1,1,4,2
710000,Ross Johnston,CAN,77,235,,L,2015,23,2,LW,NYI,24,3,3,6,0.25,0,62,9.33,,25,3,3,6,0,66,19
2500000,Derek Dorsett,CAN,72,192,189,R,2008,31,10,RW,VAN,20,7,2,9,0.45,-1,74,15.28,62,515,51,76,127,-49,1314,700
680000,Colby Cave,CAN,73,200,,L,2017,23,1,C,BOS,3,0,0,0,0,0,2,11.46,,3,0,0,0,0,2,2
6000000,Taylor Hall,CAN,73,205,1,L,2010,26,8,LW,NJD,76,39,54,93,1.22,14,34,19.14,6,529,191,283,474,-22,300,1757
650000,Will O'Neill,USA,73,190,210,L,2017,29,1,D,PHI,1,0,0,0,0,0,0,9.42,,1,0,0,0,0,0,3
670000,Dakota Mermis,USA,72,195,,L,2017,24,1,D,ARI,9,0,0,0,0,-2,0,10.99,,9,0,0,0,-2,0,7
6000000,Erik Johnson,USA,76,225,1,R,2007,29,10,D,COL,62,9,16,25,0.4,3,58,25.44,4,637,70,192,262,-46,418,1382
8000000,Kyle Okposo,USA,72,220,7,R,2007,29,11,RW,BUF,76,15,29,44,0.58,-34,40,17.03,6,670,173,285,458,-101,374,1663
2000000,Trevor Lewis,USA,73,205,17,R,2008,31,10,C,LAK,68,14,12,26,0.38,-6,25,15.23,6,574,61,78,139,-27,146,1014
1600000,Josh Anderson,CAN,75,221,95,R,2014,23,4,RW,CBJ,63,19,11,30,0.48,-1,42,18.04,4,159,37,27,64,10,135,328
3300000,Andrew Cogliano,CAN,70,177,25,L,2007,30,11,LW,ANA,80,12,23,35,0.44,18,41,15.2,,866,157,211,368,37,293,1452
2950000,Leo Komarov,FIN,71,209,180,L,2012,31,5,C,TOR,74,7,12,19,0.26,0,31,15.79,7,327,52,70,122,-7,138,493
3500000,Jamie McGinn,CAN,73,205,36,L,2008,29,10,LW,FLA,76,13,16,29,0.38,-5,33,13.45,4,598,113,100,213,-78,261,1044
3400000,Brenden Dillon,CAN,76,225,,L,2011,27,7,D,SJS,81,5,17,22,0.27,-7,60,17.32,,447,20,58,78,-4,409,536
900000,Eric Gryba,CAN,76,222,68,R,2012,29,6,D,EDM,21,0,2,2,0.1,4,31,14.73,,279,7,36,43,16,358,294
685000,Giovanni Fiore,CAN,73,193,,L,2017,21,1,LW,ANA,1,0,0,0,0,-1,0,7.88,,1,0,0,0,-1,0,0
8000000,Milan Lucic,CAN,75,236,50,L,2007,29,11,LW,EDM,82,10,24,34,0.41,-12,80,15.96,,811,192,289,481,105,981,1398
4500000,Troy Brouwer,CAN,75,215,214,R,2006,32,12,RW,CGY,76,6,16,22,0.29,-7,53,13.93,4,763,169,172,341,-23,541,1228
5250000,Mikael Granlund,FIN,70,185,9,L,2012,25,6,RW,MIN,77,21,46,67,0.87,13,18,18.78,4,398,78,190,268,34,98,769
732500,Maxim Mamin,RUS,74,191,175,L,2017,23,1,C,FLA,26,3,1,4,0.15,2,7,10.52,,26,3,1,4,2,7,28
2500000,Matt Hunwick,USA,71,200,224,L,2007,32,11,D,PIT,42,4,6,10,0.24,-4,21,17.51,6,521,25,92,117,-12,203,593
1100000,Chris Stewart,CAN,74,242,18,R,2008,30,10,RW,CGY,54,10,6,16,0.3,-5,27,10.74,,652,160,161,321,-45,729,1237
682500,Curtis Valk,CAN,69,170,,L,2017,24,1,C,FLA,1,0,0,0,0,0,0,3.42,,1,0,0,0,0,0,0
4000000,Matt Beleskey,CAN,72,203,112,L,2008,29,10,LW,NYR,15,0,0,0,0,-9,21,10.97,,473,75,82,157,-12,437,838
775000,Josh Jooris,CAN,73,197,,R,2014,27,4,RW,PIT,40,3,3,6,0.15,-7,16,9.77,1,213,23,32,55,-9,87,294
5000000,Bryan Little,CAN,72,191,12,R,2007,30,11,C,WPG,82,16,27,43,0.52,2,28,16.93,,754,200,275,475,-7,265,1510
710000,Ryan Lomberg,CAN,69,187,,L,2017,23,1,LW,CGY,7,0,1,1,0.14,0,15,6.25,,7,0,1,1,0,15,5
900000,Adam Gaudette,USA,73,170,149,R,2017,21,1,C,VAN,5,0,0,0,0,2,0,12.79,,5,0,0,0,2,0,9
5000000,Cal Clutterbuck,CAN,71,216,72,R,2007,30,11,RW,NYI,76,8,10,18,0.24,-7,53,12.79,4,714,109,97,206,-33,540,1303
4333333,Dmitry Kulikov,RUS,73,204,14,L,2009,27,9,D,WPG,62,3,8,11,0.18,6,22,17.07,4,569,33,121,154,-58,348,725
5000000,James Neal,CAN,74,221,33,L,2008,30,10,LW,VGK,71,25,19,44,0.62,-11,24,17.18,7,703,263,232,495,35,530,2180
832500,Kerby Rychel,USA,73,213,19,L,2014,23,3,LW,MTL,4,1,1,2,0.5,-2,2,11.03,,41,3,11,14,6,19,43
9000000,Claude Giroux,CAN,71,185,22,R,2007,30,11,C,PHI,82,34,68,102,1.24,28,20,20.36,,738,214,463,677,27,328,1897
1000000,Mike Fisher,CAN,73,216,44,R,1999,37,18,C,NSH,16,2,2,4,0.25,0,8,12.34,,1104,278,311,589,27,815,2333
800000,Alex Biega,CAN,70,193,147,R,2014,29,4,D,VAN,44,1,8,9,0.2,3,32,15.02,,138,2,18,20,-14,72,184
660000,Daniel Winnik,CAN,74,210,265,L,2007,32,11,LW,MIN,81,6,17,23,0.28,5,27,13.57,,798,82,169,251,52,367,1194
6000000,Jordan Staal,CAN,76,220,2,L,2006,29,12,C,CAR,79,19,27,46,0.58,-4,26,19.25,,843,206,276,482,32,409,1761
5750000,Matt Niskanen,USA,73,203,28,R,2007,31,11,D,WSH,68,7,22,29,0.43,24,36,22.61,5,801,56,242,298,100,419,1285
650000,Peter Holland,CAN,74,205,15,L,2011,27,7,C,NYR,23,1,3,4,0.17,-10,7,12.39,,266,36,49,85,-38,112,410
675000,Adam Cracknell,CAN,74,218,279,R,2010,32,8,RW,NYR,5,0,0,0,0,-1,0,7.71,,208,21,22,43,4,46,242
6000000,Tyler Seguin,CAN,73,201,2,R,2010,26,8,C,DAL,82,40,38,78,0.95,12,43,20.91,,590,229,276,505,67,183,2022
1000000,Francois Beauchemin,CAN,71,208,75,L,2002,37,14,D,ANA,67,3,14,17,0.25,12,26,17.31,,903,76,212,288,14,490,1506
1650000,Michael Grabner,AUT,73,188,14,L,2009,30,9,RW,NJD,80,27,9,36,0.45,11,16,14.82,4,553,158,91,249,24,96,1218
700000,Brian Gionta,USA,67,178,82,R,2001,39,16,RW,BOS,20,2,5,7,0.35,-1,2,13.07,,1026,291,304,595,35,377,2770
9000000,Phil Kessel,USA,72,202,5,R,2006,30,12,RW,PIT,82,34,58,92,1.12,-4,36,18.69,,914,330,411,741,-67,270,3042
7500000,Jason Spezza,CAN,75,214,2,R,2002,34,15,C,DAL,78,8,18,26,0.33,-12,12,13.01,4,989,324,564,888,21,525,2494
3000000,Jannik Hansen,DNK,73,198,287,R,2007,31,11,RW,SJS,46,2,12,14,0.3,2,15,12.04,,626,109,147,256,48,282,984
9180000,Mikko Koivu,FIN,75,215,6,L,2005,34,13,C,MIN,82,14,31,45,0.55,9,46,18.49,,925,193,466,659,70,542,2107
900000,Korbinian Holzer,DEU,75,214,111,R,2010,29,6,D,ANA,16,0,0,0,0,-3,6,11.62,,135,4,15,19,-16,94,90
3000000,Dan Hamhuis,CAN,73,204,12,L,2003,35,14,D,DAL,80,3,21,24,0.3,-6,33,20.19,4,1031,59,284,343,68,621,1474
1000000,Ales Hemsky,CZE,72,177,13,R,2002,34,15,RW,MTL,7,0,0,0,0,-1,10,9.92,74,845,174,398,572,-53,353,1650
7500000,Nicklas Backstrom,SWE,73,210,4,L,2007,30,11,C,WSH,81,21,50,71,0.88,5,46,19.66,1,815,209,590,799,118,418,1733
4000000,Michael Frolik,CZE,73,194,10,L,2008,29,10,RW,CGY,70,10,15,25,0.36,-19,26,16.92,12,728,137,199,336,10,263,1762
650000,Nate Prosser,USA,74,206,,R,2009,31,9,D,MIN,57,3,6,9,0.16,8,19,13.46,,339,10,37,47,-1,229,177
5000000,Artem Anisimov,RUS,76,198,54,L,2008,29,10,C,CHI,72,20,11,31,0.43,-17,22,16.79,4,625,148,162,310,-1,190,1121
2125000,Shawn Matthias,CAN,76,231,47,L,2007,29,11,LW,WPG,27,1,2,3,0.11,-1,10,11.17,24,551,90,84,174,-42,180,849
650000,Matt Irwin,CAN,73,207,,L,2012,30,6,D,NSH,50,2,6,8,0.16,2,8,13.43,,279,21,51,72,19,97,482
5250000,Nikolay Kulemin,RUS,73,228,44,L,2008,31,10,LW,NYI,13,1,2,3,0.23,0,0,11.94,67,669,121,153,274,15,173,995
5250000,Andrew MacDonald,CAN,73,204,160,L,2008,31,10,D,PHI,66,6,15,21,0.32,8,30,19.85,5,539,28,124,152,-6,258,553
1000000,Michael Cammalleri,CAN,69,185,49,L,2002,35,15,LW,EDM,66,7,22,29,0.44,-3,18,13.77,4,906,294,348,642,-54,425,2469
900000,Chris Thorburn,CAN,75,235,50,R,2005,34,13,RW,STL,50,1,6,7,0.14,-4,60,7.04,,800,53,81,134,-40,968,691
5000000,Jason Pominville,USA,72,180,55,R,2003,35,14,RW,BUF,82,16,18,34,0.41,-17,8,14.9,,987,277,419,696,48,195,2639
13800000,Jonathan Toews,CAN,74,201,3,L,2007,29,11,C,CHI,74,20,32,52,0.7,-1,47,19.69,8,791,292,382,674,193,437,2076
6000000,Artemi Panarin,RUS,71,168,,R,2015,26,3,LW,CBJ,81,27,55,82,1.01,23,26,20.13,,243,88,145,233,49,79,626
7250000,Kris Letang,CAN,72,201,62,R,2006,30,12,D,PIT,79,9,42,51,0.65,-9,56,25.33,4,682,96,341,437,48,494,1728
5000000,Tomas Plekanec,CZE,71,193,71,L,2003,35,14,C,TOR,77,6,20,26,0.34,1,45,15.14,,998,232,375,607,55,543,2352
4500000,Mathieu Perreault,CAN,70,188,177,L,2009,30,9,C,WPG,70,17,22,39,0.56,4,38,14.46,4,496,108,171,279,19,248,830
1900000,Dalton Prout,CAN,75,230,154,R,2011,27,7,D,NJD,4,0,0,0,0,-2,13,13.99,,242,6,30,36,-14,306,225
8000000,Alexander Radulov,RUS,73,201,15,L,2006,31,5,RW,DAL,82,27,45,72,0.88,4,72,20.13,,312,92,136,228,43,208,664
5000000,Kris Russell,CAN,70,173,67,L,2007,30,11,D,EDM,78,4,17,21,0.27,-7,8,19.07,6,719,43,168,211,-10,218,917
800000,Patrick Sharp,CAN,73,200,95,R,2002,36,15,LW,CHI,70,10,11,21,0.3,-16,14,12.88,,939,287,333,620,39,536,2706
5000000,Christopher Tanev,CAN,74,195,,R,2010,28,8,D,VAN,42,2,9,11,0.26,7,8,19.78,11,390,18,68,86,36,62,280
4500000,Mats Zuccarello,NOR,68,179,,L,2010,30,8,RW,NYR,80,16,37,53,0.66,-10,36,18.92,4,463,102,213,315,48,191,968
1975000,Vladislav Namestnikov,RUS,71,180,27,L,2013,25,5,C,NYR,81,22,26,48,0.59,6,45,17.09,,282,55,72,127,19,138,425
1100000,Roman Polak,CZE,74,235,180,R,2006,31,12,D,TOR,54,2,10,12,0.22,5,46,17.64,4,688,25,102,127,-8,550,688
1800000,Calle Jarnkrok,SWE,71,186,51,R,2013,26,5,C,NSH,68,16,19,35,0.51,20,12,15.89,4,316,56,67,123,29,73,472
1600000,Oscar Lindberg,SWE,73,202,57,L,2014,26,4,C,VGK,63,9,2,11,0.17,-11,14,11.78,14,197,30,29,59,3,89,283
1300000,Martin Marincin,SVK,77,212,46,L,2013,25,5,D,TOR,2,0,0,0,0,-2,2,16.68,,177,3,22,25,-8,84,143
650000,Justin Holl,USA,75,205,54,R,2017,26,1,D,TOR,2,2,0,2,1,5,0,17.36,,2,2,0,2,5,0,2
2250000,David Schlemko,CAN,73,189,,L,2008,30,10,D,MTL,37,1,4,5,0.14,3,6,18.06,4,397,18,74,92,10,120,528
2000000,Jason Zucker,USA,71,187,59,L,2011,26,7,LW,MIN,82,33,31,64,0.78,8,44,16.96,,330,97,75,172,32,124,760
4400000,Tyler Toffoli,CAN,72,197,47,R,2012,25,6,C,LAK,82,24,23,47,0.57,9,16,16.12,,375,108,114,222,99,107,973
2825000,Ryan Spooner,CAN,70,187,45,L,2012,26,6,C,NYR,59,13,28,41,0.69,6,4,15.29,4,273,45,113,158,-9,61,533
1400000,Johan Larsson,SWE,71,198,56,L,2012,25,6,C,BUF,80,4,13,17,0.21,-30,49,14.11,,258,26,39,65,-41,127,303
650000,Mark Alt,USA,76,201,53,R,2014,26,2,D,COL,15,0,0,0,0,-1,2,12.45,,16,0,0,0,-2,2,11
800000,Stephen Johns,USA,76,221,60,R,2015,25,3,D,DAL,75,8,7,15,0.2,10,41,17.54,4,150,13,15,28,-6,83,225
650000,Greg McKegg,CAN,72,191,62,L,2013,25,5,C,PIT,26,2,2,4,0.15,-4,8,9.68,,91,7,6,13,-6,32,73
750000,Connor Brickley,USA,72,203,50,L,2015,25,2,C,FLA,44,4,8,12,0.27,-6,19,11.89,4,67,5,12,17,-5,33,75
1750000,Jordan Weal,CAN,70,179,70,R,2015,25,3,C,PHI,69,8,13,21,0.3,-10,12,12.95,5,106,16,17,33,-4,24,155
650000,Michael Bournival,CAN,71,198,71,L,2013,25,4,LW,TBL,5,0,0,0,0,0,0,9.35,,113,12,10,22,-6,24,135
842500,Markus Nutivaara,FIN,73,191,189,L,2016,23,2,D,CBJ,61,7,16,23,0.38,13,14,16.03,4,127,9,21,30,20,20,145
4000000,Kevin Bieksa,CAN,73,197,151,R,2005,36,13,D,ANA,59,0,8,8,0.14,-13,83,18.02,15,808,63,215,278,2,1124,1436
10000000,Evgeny Kuznetsov,RUS,74,204,26,L,2013,25,5,C,WSH,79,27,56,83,1.05,3,48,18.81,3,340,80,185,265,56,156,699
3500000,Charlie Coyle,USA,75,221,28,R,2012,25,6,C,MIN,66,11,26,37,0.56,8,18,16.53,4,419,81,133,214,31,170,721
945000,Patrik Nemeth,SWE,75,219,41,L,2013,25,5,D,COL,68,3,12,15,0.22,27,41,19.86,5,176,3,26,29,19,81,174
1275000,Jon Merrill,USA,75,205,38,L,2013,25,5,D,VGK,34,1,2,3,0.09,7,22,16.09,20,250,7,32,39,-34,110,200
1000000,Tyler Pitlick,USA,74,200,31,R,2013,26,4,C,DAL,80,14,13,27,0.34,9,34,13.68,4,138,25,16,41,4,44,210
1250000,Cody McLeod,CAN,74,210,,L,2007,33,11,LW,NYR,48,1,3,4,0.08,-11,111,7.38,3,738,71,55,126,-46,1563,818
3500000,Brock Nelson,USA,75,212,30,L,2013,26,5,C,NYI,82,19,16,35,0.43,-4,43,14.73,,398,99,89,188,-17,145,798
1850000,Alexander Petrovic,CAN,76,206,36,R,2012,25,6,D,FLA,67,2,11,13,0.19,-2,98,14.66,4,228,5,43,48,5,334,206
650000,Devante Smith-Pelly,CAN,72,223,42,R,2011,25,7,RW,WSH,75,7,9,16,0.21,-6,38,12.35,,341,40,53,93,-35,122,471
750000,Mike Blunden,CAN,76,217,43,R,2006,31,11,RW,OTT,1,0,0,0,0,0,0,6.52,,127,7,6,13,-6,145,110
3850000,Nick Bjugstad,USA,78,218,19,R,2012,25,6,C,FLA,82,19,29,48,0.59,5,41,15.12,,362,82,97,179,-51,160,901
650000,Beau Bennett,USA,74,195,20,R,2012,26,6,RW,STL,6,0,0,0,0,-2,0,10.8,,200,24,40,64,-2,52,297
650000,Derek Forbort,USA,76,215,15,L,2015,25,3,D,LAK,78,1,17,18,0.23,18,49,20.79,6,174,4,34,38,25,120,192
2600000,Kevin Hayes,USA,77,217,24,L,2014,25,4,C,NYR,76,25,19,44,0.58,1,18,17.35,6,310,73,101,174,30,88,559
4000000,Cam Fowler,USA,73,215,12,L,2010,26,8,D,ANA,67,8,24,32,0.48,3,28,24.85,7,561,53,196,249,-36,145,904
7500000,Paul Stastny,USA,72,193,44,L,2006,32,12,C,WPG,82,16,37,53,0.65,1,18,18.3,1,824,220,426,646,19,384,1765
1000000,Austin Watson,USA,76,204,18,R,2012,26,4,LW,NSH,76,14,5,19,0.25,2,123,12.33,3,216,23,24,47,10,254,245
5500000,Jaden Schwartz,CAN,70,190,14,L,2011,25,7,LW,STL,62,24,35,59,0.95,15,26,19.39,4,380,113,158,271,75,99,827
10900000,Sidney Crosby,CAN,71,200,1,L,2005,30,13,C,PIT,82,29,60,89,1.09,0,46,20.69,,864,411,705,1116,165,622,2843
2075000,Riley Sheahan,CAN,75,214,21,L,2011,26,7,C,PIT,81,11,21,32,0.4,4,8,14.67,,365,49,81,130,-28,60,532
5000000,Jack Johnson,USA,73,227,3,L,2006,31,12,D,CBJ,77,3,8,11,0.14,-6,22,19.55,,788,66,212,278,-109,454,1269
1150000,Benoit Pouliot,CAN,75,200,4,L,2006,31,12,LW,BUF,74,13,6,19,0.26,-8,22,13.68,,625,130,133,263,25,371,967
1950000,Andrej Sustr,CZE,79,220,,R,2012,27,6,D,TBL,44,2,5,7,0.16,-5,18,12.84,,318,10,53,63,-3,141,299
650000,Chris Wagner,USA,72,198,122,R,2014,26,4,C,NYI,79,7,9,16,0.2,-10,37,13.28,,174,17,12,29,-12,73,195
13000000,Anze Kopitar,SVN,75,224,11,L,2006,30,12,C,LAK,82,35,57,92,1.12,21,20,22.08,,922,290,538,828,90,248,2309
1100000,Jussi Jokinen,FIN,72,191,192,L,2005,34,13,LW,VAN,60,5,12,17,0.28,2,12,11.58,,951,191,372,563,7,377,1598
6000000,Jeff Skinner,CAN,71,200,7,L,2010,25,8,LW,CAR,82,24,25,49,0.6,-27,34,16.71,,579,204,175,379,-95,268,1909
2000000,Zach Hyman,CAN,73,213,123,R,2015,25,3,C,TOR,82,15,25,40,0.49,22,37,17.36,,180,29,45,74,24,85,341
5250000,Martin Hanzal,CZE,78,230,17,L,2007,30,11,C,DAL,38,5,5,10,0.26,-14,23,14.11,4,666,126,210,336,-39,570,1368
1000000,Deryk Engelland,CAN,74,214,194,R,2009,35,9,D,VGK,79,5,18,23,0.29,6,24,20.28,4,548,27,82,109,1,524,566
3500000,Erik Gudbranson,CAN,77,220,3,R,2011,26,7,D,VAN,52,2,3,5,0.1,-7,35,18.42,16,391,14,40,54,-70,399,493
3000000,Conor Sheary,USA,68,175,,L,2015,25,3,LW,PIT,79,18,12,30,0.38,2,10,13.95,4,184,48,45,93,25,40,347
1500000,Brett Connolly,CAN,75,195,6,R,2011,25,7,RW,WSH,70,15,12,27,0.39,-6,30,12,7,346,57,52,109,-1,172,442
8000000,Ryan Johansen,CAN,75,218,4,R,2011,25,7,C,NSH,79,15,39,54,0.68,13,78,18.55,3,512,116,226,342,8,318,1090
8000000,T.J. Oshie,USA,71,195,24,R,2008,31,10,RW,WSH,74,18,29,47,0.64,2,31,18.41,10,665,187,277,464,117,340,1384
700000,Brendan Gaunce,CAN,74,217,26,L,2015,23,3,C,VAN,37,4,2,6,0.16,0,10,13.31,4,114,5,7,12,-11,45,140
1950000,Mark Pysyk,CAN,73,200,23,R,2012,26,6,D,FLA,82,3,13,16,0.2,-8,20,18.76,,289,12,47,59,-23,80,312
900000,Trevor van Riemsdyk,USA,74,188,,R,2014,26,4,D,CAR,79,3,13,16,0.2,9,20,17.05,3,237,11,36,47,21,82,290
650000,Ryan Carpenter,USA,72,200,,R,2015,27,3,C,VGK,52,9,6,15,0.29,1,11,12.6,,64,11,8,19,6,15,105
4600000,Nino Niederreiter,CHE,74,216,5,L,2010,25,7,RW,MIN,63,18,14,32,0.51,14,36,15,4,452,103,105,208,24,217,856
850000,Christian Folin,SWE,75,204,,R,2013,26,5,D,LAK,65,3,10,13,0.2,1,30,15.66,6,183,7,29,36,16,80,150
650000,Jordan Oesterle,USA,72,182,,L,2014,25,4,D,CHI,55,5,10,15,0.27,-11,8,20.52,,80,5,16,21,-15,8,132
4250000,Marc-Edouard Vlasic,CAN,73,205,35,L,2006,30,12,D,SJS,81,11,21,32,0.4,9,34,22.55,1,893,64,222,286,138,382,1267
825000,Taylor Chorney,USA,72,193,36,L,2008,30,8,D,CBJ,25,1,3,4,0.16,10,8,13.14,,166,4,18,22,-6,56,115
1300000,Joakim Nordstrom,SWE,73,189,90,L,2013,25,5,LW,CAR,75,2,5,7,0.09,-11,6,10.57,8,282,20,29,49,-29,41,350
687500,Michael Chaput,CAN,74,204,89,L,2013,25,5,C,VAN,9,0,0,0,0,-4,5,9.79,,135,6,11,17,-21,62,105
1000000,Johnny Oduya,SWE,72,191,221,L,2006,36,12,D,PHI,52,4,4,8,0.15,1,32,17.11,10,850,41,149,190,63,372,836
660000,Bryan Rust,USA,71,192,80,R,2014,25,4,RW,PIT,69,13,25,38,0.55,11,26,16.05,4,181,33,46,79,13,50,335
5000000,Justin Abdelkader,USA,74,214,42,L,2007,30,11,LW,DET,75,13,22,35,0.47,-11,78,16.55,4,619,100,130,230,-28,545,1103
3000000,Adam McQuaid,CAN,76,212,55,R,2009,31,9,D,BOS,38,1,3,4,0.11,-1,62,15.7,36,462,13,53,66,60,652,375
1900000,Joonas Donskoi,FIN,72,190,99,R,2015,25,3,RW,SJS,66,14,18,32,0.48,10,26,14.97,12,203,31,54,85,9,56,331
2750000,Brendan Gallagher,CAN,69,181,147,R,2012,25,6,RW,MTL,82,31,23,54,0.66,-13,34,16.16,,406,118,121,239,39,234,1220
7500000,Keith Yandle,USA,73,196,105,L,2006,31,12,D,FLA,82,8,48,56,0.68,7,35,24.49,,825,85,381,466,-31,494,1860
660000,Tom Kuhnhackl,DEU,74,196,110,L,2015,26,3,RW,PIT,69,2,6,8,0.12,-6,6,10.02,8,168,11,28,39,5,48,164
700000,Marcus Sorensen,SWE,71,175,106,L,2016,25,2,LW,SJS,32,5,2,7,0.22,-5,5,10.15,,51,6,5,11,-6,9,52
5000000,Valtteri Filppula,FIN,72,196,95,L,2005,33,13,C,PHI,81,11,22,33,0.41,-7,20,16.48,1,876,168,295,463,20,294,1269
1000000,Cody Franson,CAN,77,224,79,R,2009,30,9,D,CHI,23,1,6,7,0.3,-1,8,16.62,4,550,43,169,212,-10,202,859
4000000,Vladimir Sobotka,CZE,70,184,106,L,2007,30,9,LW,STL,81,11,20,31,0.38,-6,50,17.12,1,463,47,108,155,-4,332,627
650000,Tim Heed,SWE,72,185,132,R,2016,27,2,D,SJS,29,3,8,11,0.38,0,8,16.02,5,30,3,8,11,0,8,52
875000,Kenny Agostino,USA,72,202,140,L,2013,25,4,LW,BOS,5,0,1,1,0.2,-1,4,12.04,,22,2,4,6,-5,6,43
1150000,Robert Bortuzzo,CAN,76,216,78,R,2011,28,7,D,STL,72,4,9,13,0.18,11,41,14.8,4,276,12,30,42,16,304,287
725000,Daniel Carr,CAN,72,193,,L,2015,26,3,LW,MTL,38,6,10,16,0.42,2,8,12.13,,94,14,20,34,6,22,135
1750000,Jesper Fast,SWE,72,191,157,R,2013,26,5,RW,NYR,71,13,20,33,0.46,-10,26,14.88,4,287,35,63,98,-1,70,270
650000,Chris Butler,USA,73,196,96,L,2008,31,10,D,STL,6,0,0,0,0,1,2,13.31,,394,13,71,84,-30,187,395
6500000,Oliver Ekman-Larsson,SWE,74,200,6,L,2010,26,8,D,ARI,82,14,28,42,0.51,-28,44,23.68,,576,102,188,290,-73,360,1336
900000,Jared Boll,USA,75,206,101,R,2007,31,11,RW,ANA,10,1,0,1,0.1,0,16,4.43,15,579,28,38,66,-52,1298,380
1000000,Tom Pyatt,CAN,71,185,107,L,2009,30,7,LW,OTT,81,7,15,22,0.27,-12,10,14.05,1,408,43,56,99,-25,69,493
4000000,Niklas Hjalmarsson,SWE,75,197,108,L,2007,30,11,D,ARI,48,1,8,9,0.19,-3,18,20.7,20,671,24,128,152,106,256,619
650000,Garnet Hathaway,USA,74,208,,R,2015,26,3,RW,CGY,59,4,9,13,0.22,3,88,11.53,,99,5,16,21,2,163,101
650000,Anthony Bitetto,USA,73,210,168,L,2014,27,4,D,NSH,32,1,2,3,0.09,-1,27,13.44,,96,2,14,16,-3,78,63
1550000,Brandon Davidson,CAN,74,208,162,L,2014,26,4,D,NYI,51,4,3,7,0.14,-13,23,16.82,3,152,9,13,22,-13,63,175
650000,Frederick Gaudreau,CAN,72,179,,R,2016,24,2,C,NSH,20,0,3,3,0.15,0,2,9.16,,29,0,4,4,1,2,22
1000000,Jaromir Jagr,CZE,75,230,5,L,1990,45,24,RW,CGY,22,1,6,7,0.32,6,10,13.05,4,1733,766,1155,1921,322,1167,5637
2000000,Melker Karlsson,SWE,72,180,,R,2014,27,4,C,SJS,71,8,11,19,0.27,-5,26,13.25,4,256,42,42,84,4,84,345
650000,Freddie Hamilton,CAN,73,195,129,R,2013,26,5,C,ARI,16,0,1,1,0.06,0,2,8.98,,75,4,2,6,-9,12,73
650000,Kevin Gravel,USA,76,212,148,L,2015,25,3,D,LAK,16,0,3,3,0.19,-3,2,14.03,,70,1,9,10,0,8,74
1450000,Pierre-Edouard Bellemare,FRA,72,198,,L,2014,32,4,LW,VGK,72,6,10,16,0.22,5,14,12.33,7,309,23,27,50,-7,79,397
650000,Tomas Nosek,CZE,75,210,,L,2015,25,3,LW,VGK,67,7,8,15,0.22,6,14,11.09,4,84,8,8,16,3,18,113
9000000,Aaron Ekblad,CAN,76,216,1,R,2014,21,4,D,FLA,82,16,22,38,0.46,9,71,23.39,,309,53,81,134,16,202,766
832500,Sam Reinhart,CAN,73,192,2,R,2014,22,4,C,BUF,82,25,25,50,0.61,-24,26,17.1,,249,65,75,140,-44,44,534
9000000,Leon Draisaitl,DEU,74,215,3,L,2014,22,4,C,EDM,78,25,45,70,0.9,-7,30,19.32,4,269,75,132,207,-19,74,548
1950000,Sam Bennett,CAN,73,200,4,L,2014,21,4,C,CGY,82,11,15,26,0.32,-18,59,14.4,,241,42,47,89,-46,171,416
832500,Michael Dal Colle,CAN,75,204,5,L,2017,21,1,LW,NYI,4,0,0,0,0,0,0,13.35,,4,0,0,0,0,0,1
832500,Jake Virtanen,CAN,73,229,6,R,2015,21,3,RW,VAN,75,10,10,20,0.27,-11,46,11.99,4,140,17,17,34,-17,93,237
832500,Haydn Fleury,CAN,75,221,7,L,2017,21,1,D,CAR,67,0,8,8,0.12,-2,14,16.8,,67,0,8,8,-2,14,86
832500,William Nylander,SWE,72,191,8,R,2015,21,3,C,TOR,82,20,41,61,0.74,20,10,16.69,,185,48,87,135,18,46,432
832500,Nikolaj Ehlers,DNK,72,172,9,L,2015,21,3,LW,WPG,82,29,31,60,0.73,14,26,16.08,,236,69,93,162,18,85,602
832500,Nick Ritchie,CAN,74,234,10,L,2015,22,3,LW,ANA,76,10,17,27,0.36,3,72,13.18,7,186,26,33,59,5,171,326
832500,Kevin Fiala,CHE,70,193,11,L,2014,21,4,LW,NSH,80,23,25,48,0.6,20,26,15.15,4,140,35,30,65,20,44,315
832500,Brendan Perlini,GBR,75,211,12,L,2016,21,2,LW,ARI,74,17,13,30,0.41,-2,28,14.51,4,131,31,20,51,-6,48,221
832500,Jakub Vrana,CZE,72,197,13,L,2016,21,2,LW,WSH,73,13,14,27,0.37,2,12,12.5,,94,16,17,33,4,14,165
832500,Julius Honka,FIN,71,186,14,R,2016,22,2,D,DAL,42,1,3,4,0.1,-1,14,13.01,1,58,2,7,9,-5,18,76
832500,Sonny Milano,USA,72,195,16,L,2015,21,3,LW,CBJ,55,14,8,22,0.4,-8,10,11.65,13,62,14,9,23,-10,10,73
750000,Nathan Gerbe,USA,64,176,142,L,2008,30,9,C,CBJ,2,0,0,0,0,-1,0,8.6,,396,58,80,138,-22,172,955
650000,Zach Trotman,USA,75,217,210,R,2013,27,4,D,PIT,3,0,0,0,0,-3,0,12.78,,70,3,9,12,-2,22,116
832500,Kasperi Kapanen,FIN,73,187,22,R,2015,21,3,RW,TOR,38,7,2,9,0.24,-1,4,11.25,,55,8,2,10,-6,6,80
3500000,John Klingberg,SWE,74,177,131,R,2014,25,4,D,DAL,82,8,59,67,0.82,10,26,24.07,,303,42,172,214,39,122,597
700000,Cal O'Reilly,CAN,72,188,150,L,2008,31,7,C,MIN,1,0,0,0,0,0,0,8.27,,145,16,33,49,-11,14,104
8000000,David Pastrnak,CZE,72,188,25,R,2014,21,4,RW,BOS,82,35,45,80,0.98,10,37,17.97,,254,94,109,203,36,99,709
832500,Nikita Scherbak,RUS,74,192,26,L,2016,22,2,RW,MTL,26,4,2,6,0.23,-5,8,13.38,4,29,5,2,7,-4,8,42
832500,Nikolay Goldobin,RUS,71,185,27,L,2015,22,3,RW,VAN,38,8,6,14,0.37,-14,6,12.33,,61,12,7,19,-13,6,71
832500,Joshua Ho-Sang,CAN,72,173,28,R,2016,22,2,RW,NYI,22,2,10,12,0.55,-7,2,14.28,,43,6,16,22,-6,14,40
842500,John Quenneville,CAN,73,195,30,L,2016,21,2,C,NJD,2,0,0,0,0,-3,0,13.29,8,14,1,3,4,-2,2,26
892500,Brendan Lemieux,USA,73,210,31,L,2017,21,1,LW,WPG,9,1,0,1,0.11,2,21,7.94,,9,1,0,1,2,21,6
650000,Ivan Barbashev,RUS,72,187,33,L,2016,22,2,C,STL,53,7,6,13,0.25,-1,4,12.2,,83,12,13,25,4,6,65
825000,Marcus Pettersson,SWE,76,180,38,L,2017,21,1,D,ANA,22,1,3,4,0.18,5,6,13.61,,22,1,3,4,5,6,16
767500,Roland McKeown,CAN,73,195,50,R,2017,22,1,D,CAR,10,0,3,3,0.3,3,19,13.41,,10,0,3,3,3,19,7
650000,Nathan Walker,AUS,69,186,89,L,2017,23,1,LW,EDM,9,1,0,1,0.11,0,6,9.45,,9,1,0,1,0,6,6
875000,Ryan Donato,USA,72,181,56,L,2017,21,1,C,BOS,12,5,4,9,0.75,2,2,14.7,,12,5,4,9,2,2,24
892500,Christian Dvorak,USA,72,195,58,L,2016,21,2,C,ARI,78,15,22,37,0.47,-19,22,16.43,4,156,30,40,70,-12,44,239
742500,Dominic Turgeon,CAN,74,200,63,L,2017,21,1,C,DET,5,0,0,0,0,-2,2,9.23,,5,0,0,0,-2,2,3
650000,Marek Hrivik,SVK,74,197,,R,2015,26,3,LW,CGY,3,0,0,0,0,1,0,8.51,24,24,0,3,3,1,2,20
730000,Warren Foegele,CAN,74,190,67,L,2017,21,1,LW,CAR,2,2,1,3,1.5,3,0,11.93,,2,2,1,3,3,0,6
650000,Brett Lernout,CAN,76,214,73,R,2015,22,3,D,MTL,18,0,1,1,0.06,-5,6,16.73,,21,0,1,1,-6,6,17
1800000,Mark Letestu,CAN,70,195,,R,2009,32,9,C,CBJ,80,9,14,23,0.29,-17,10,12.85,,558,93,117,210,-48,90,866
4500000,Anton Stralman,SWE,71,190,216,R,2007,31,11,D,TBL,80,4,14,18,0.23,29,18,21.49,2,702,45,180,225,60,243,1035
742500,Michael Amadio,CAN,73,204,90,R,2017,21,1,C,LAK,37,4,4,8,0.22,-2,8,9.31,,37,4,4,8,-2,8,28
2400000,Antoine Roussel,FRA,71,195,,L,2012,28,6,LW,DAL,73,5,12,17,0.23,1,126,12.43,6,413,64,77,141,-5,806,550
725000,Lucas Wallmark,SWE,72,176,97,L,2016,22,2,C,CAR,11,1,0,1,0.09,-4,2,9.49,,19,1,2,3,-3,4,27
2750000,Ben Lovejoy,USA,73,205,,R,2008,33,10,D,NJD,57,2,6,8,0.14,7,25,16.59,,473,18,74,92,52,250,622
650000,Erik Burgdoerfer,USA,73,207,,R,2016,29,2,D,OTT,2,0,1,1,0.5,2,0,13.42,,4,0,1,1,1,0,4
4750000,Patric Hornqvist,SWE,71,189,230,R,2008,31,10,RW,PIT,70,29,20,49,0.7,2,58,17.32,4,649,203,208,411,80,333,2106
792500,Justin Kloos,USA,69,180,,R,2017,24,1,C,MIN,1,0,0,0,0,0,2,8.65,,1,0,0,0,0,2,0
4250000,Viktor Arvidsson,SWE,69,180,112,R,2014,24,4,LW,NSH,78,29,32,61,0.78,20,36,17.75,4,220,68,70,138,28,99,641
5250000,Tyson Barrie,CAN,70,190,64,R,2011,26,7,D,COL,68,14,43,57,0.84,-15,22,22.7,5,406,61,187,248,-56,127,845
650000,Andrew Crescenzi,CAN,77,207,,L,2017,25,1,C,LAK,2,0,0,0,0,0,2,7.86,,2,0,0,0,0,2,0
725000,Dennis Rasmussen,SWE,75,192,,L,2015,27,3,C,ANA,27,1,3,4,0.15,4,8,8.91,,139,9,12,21,9,24,138
742500,Anton Lindholm,SWE,71,191,144,L,2016,23,2,D,COL,48,0,4,4,0.08,4,14,13.17,9,60,0,4,4,-4,16,29
4450000,Alex Killorn,CAN,73,196,77,L,2012,28,6,LW,TBL,82,15,32,47,0.57,22,45,16.5,,435,87,134,221,37,268,871
6000000,Karl Alzner,CAN,75,217,5,L,2008,29,10,D,MTL,82,1,11,12,0.15,-7,40,20.08,,673,20,109,129,54,217,613
650000,Justin Falk,CAN,77,223,110,L,2009,29,9,D,BUF,46,1,1,2,0.04,-16,28,16.09,12,269,3,30,33,-59,208,194
13000000,Jamie Benn,CAN,74,209,129,L,2009,28,9,LW,DAL,82,36,43,79,0.96,20,54,19.82,,667,254,342,596,37,504,1893
3250000,Dan Girardi,CAN,73,212,,R,2006,33,12,D,TBL,77,6,12,18,0.23,18,27,17.39,6,865,52,196,248,72,302,1160
722500,Sammy Blais,CAN,74,205,176,L,2017,21,1,LW,STL,11,1,2,3,0.27,1,6,10.77,13,11,1,2,3,1,6,9
4100000,Nick Bonino,USA,73,196,173,L,2009,29,9,C,NSH,71,12,13,25,0.35,4,20,15.64,11,478,87,125,212,28,137,767
2500000,Ian Cole,USA,73,219,18,L,2010,28,8,D,CBJ,67,5,15,20,0.3,14,76,17.78,4,405,20,77,97,75,356,423
650000,Christopher DiDomenico,CAN,71,174,164,R,2016,28,2,LW,OTT,24,6,4,10,0.42,-4,8,11.79,,27,6,4,10,-4,14,28
650000,Jim O'Brien,USA,75,195,29,R,2010,29,5,C,OTT,10,0,1,1,0.1,-1,0,8.76,,77,8,5,13,-4,16,100
3800000,Justin Braun,USA,74,205,201,R,2010,30,8,D,SJS,81,5,28,33,0.41,7,28,21.33,4,529,22,116,138,38,191,744
4500000,Darren Helm,CAN,72,196,132,L,2007,31,11,LW,DET,75,13,18,31,0.41,3,39,15.57,5,568,93,117,210,7,171,1150
8000000,Kevin Shattenkirk,USA,72,200,14,R,2010,29,8,D,NYR,46,5,18,23,0.5,-14,44,20.27,36,536,73,248,321,3,348,1128
832500,Shea Theodore,CAN,74,195,26,L,2015,22,3,D,VGK,61,6,23,29,0.48,5,14,20.35,4,114,11,35,46,6,44,232
650000,Kyle Criscuolo,USA,68,170,,R,2017,25,1,C,BUF,9,0,0,0,0,-4,4,8.01,11,9,0,0,0,-4,4,5
2100000,Patrick Maroon,USA,75,225,161,L,2011,29,7,LW,NJD,74,17,26,43,0.58,1,73,16.54,6,375,78,100,178,12,451,658
720000,Ondrej Kase,CZE,72,185,205,R,2016,22,2,RW,ANA,66,20,18,38,0.58,18,14,13.92,7,119,25,28,53,17,32,223
5000000,James van Riemsdyk,USA,75,217,2,L,2009,28,9,LW,TOR,81,36,18,54,0.67,1,30,14.89,1,609,201,192,393,-34,281,1749
1200000,Paul Byron,CAN,69,162,179,L,2010,28,8,LW,MTL,82,20,15,35,0.43,-4,23,16.13,,363,70,74,144,13,104,388
2750000,Sam Gagner,CAN,71,200,6,R,2007,28,11,C,VAN,74,10,21,31,0.42,-18,35,15.11,4,770,152,281,433,-109,354,1615
742500,Matthew Highmore,CAN,71,181,,L,2017,21,1,C,CHI,13,2,0,2,0.15,-4,0,12.15,1,13,2,0,2,-4,0,27
6000000,Logan Couture,CAN,73,205,9,L,2009,28,9,C,SJS,78,34,27,61,0.78,-2,18,18.55,4,582,213,224,437,57,149,1702
11000000,P.K. Subban,CAN,72,210,43,R,2009,28,9,D,NSH,82,16,43,59,0.72,18,82,24.11,,582,89,288,377,45,658,1431
735000,Chris Tierney,CAN,73,195,55,L,2014,23,4,C,SJS,82,17,23,40,0.49,0,8,16,,284,41,63,104,-13,40,352
650000,Anthony Peluso,CAN,75,225,160,R,2012,28,5,RW,WSH,2,0,0,0,0,0,4,4.64,,144,4,10,14,-3,213,67
900000,Riley Nash,CAN,73,190,21,R,2011,28,7,C,BOS,76,15,26,41,0.54,16,18,15.41,4,399,53,86,139,-3,101,532
3100000,Thomas Hickey,CAN,72,188,4,L,2012,28,6,D,NYI,69,5,20,25,0.36,20,24,18.07,4,409,22,89,111,30,157,447
6000000,Jeff Petry,USA,75,208,45,R,2010,30,8,D,MTL,82,12,30,42,0.51,-30,28,23.49,,527,44,122,166,-101,215,887
4000000,Kyle Turris,CAN,73,190,3,R,2007,28,10,C,NSH,76,16,35,51,0.67,19,26,16.61,8,609,149,213,362,24,274,1360
650000,Brian Lashoff,USA,75,219,,L,2012,27,5,D,DET,1,0,0,0,0,0,0,4.03,,123,2,11,13,-11,57,72
725000,Paul Postma,CAN,75,195,205,R,2010,28,8,D,BOS,14,0,1,1,0.07,-2,2,10.23,,205,10,25,35,-5,51,183
742500,Sebastian Aho,SWE,70,170,139,L,2017,21,1,D,NYI,22,1,3,4,0.18,-5,6,16.25,,22,1,3,4,-5,6,24
650000,Joe Hicketts,CAN,68,180,,L,2017,21,1,D,DET,5,0,3,3,0.6,5,2,17.35,,5,0,3,3,5,2,2
650000,Brad Malone,CAN,73,213,105,L,2011,28,6,C,EDM,7,0,0,0,0,0,6,7.99,,183,13,17,30,-29,194,137
5000000,Brendan Smith,CAN,74,211,27,L,2011,28,7,D,NYR,44,1,7,8,0.18,2,69,17.17,,353,17,62,79,4,379,434
4250000,Brandon Sutter,CAN,75,191,11,R,2008,28,10,C,VAN,61,11,15,26,0.43,8,8,17.32,4,657,131,123,254,-1,116,1258
3500000,Mattias Ekholm,SWE,76,215,102,L,2011,27,7,D,NSH,81,10,24,34,0.42,25,46,23.58,1,390,29,90,119,45,186,514
950000,Colton Sceviour,CAN,72,195,112,R,2010,28,7,C,FLA,76,11,13,24,0.32,6,24,13.44,9,326,48,62,110,-8,87,620
832500,Tony DeAngelo,USA,71,181,19,R,2016,22,2,D,NYR,32,0,8,8,0.25,-18,11,16.56,12,71,5,17,22,-31,48,128
3750000,David Perron,CAN,72,200,26,R,2007,29,11,LW,VGK,70,16,50,66,0.94,1,50,17.81,4,722,175,269,444,2,550,1461
1250000,Chris Kelly,CAN,72,190,94,L,2003,37,14,C,ANA,12,0,2,2,0.17,1,2,7.66,,845,123,168,291,40,417,1155
817500,Dryden Hunt,CAN,72,197,,L,2017,22,1,LW,FLA,11,0,1,1,0.09,-5,2,10.56,,11,0,1,1,-5,2,12
5000000,Sami Vatanen,FIN,70,185,106,R,2012,26,6,D,NJD,72,4,28,32,0.44,-7,40,22.4,4,337,36,118,154,21,148,603
650000,Taylor Fedun,CAN,73,201,,R,2013,29,5,D,BUF,7,0,1,1,0.14,-1,2,14.68,4,46,2,13,15,2,22,50
2900000,Carl Gunnarsson,SWE,74,198,194,L,2009,31,9,D,STL,63,5,4,9,0.14,15,22,16.17,5,556,25,97,122,41,151,475
3500000,Matt Read,CAN,70,185,,R,2011,31,7,RW,PHI,19,1,0,1,0.05,-2,2,10.9,,437,87,100,187,2,81,755
650000,Mario Kempe,SWE,72,185,122,L,2017,29,1,RW,ARI,18,2,2,4,0.22,-1,4,11.09,,18,2,2,4,-1,4,20
650000,Yannick Weber,CHE,71,200,73,R,2008,29,10,D,NSH,47,2,3,5,0.11,2,16,12.06,4,394,25,58,83,-31,163,526
8200000,Rick Nash,CAN,76,211,1,L,2002,33,15,LW,BOS,71,21,13,34,0.48,-12,28,17.05,4,1060,437,368,805,-11,750,3624
13800000,Patrick Kane,USA,71,177,1,L,2007,29,11,RW,CHI,82,27,49,76,0.93,-20,32,20.19,,822,312,516,828,59,316,2590
2500000,Kevan Miller,USA,74,210,,R,2013,30,5,D,BOS,68,1,15,16,0.24,16,70,19.46,4,285,12,48,60,72,226,255
1650000,Derek MacKenzie,CAN,71,181,128,L,2001,36,15,C,FLA,75,3,11,14,0.19,-9,31,11.31,5,610,51,74,125,-7,337,624
650000,Cory Conacher,CAN,68,180,,L,2012,28,5,C,TBL,36,8,4,12,0.33,0,24,9.99,,188,28,46,74,1,112,251
4650000,Evgenii Dadonov,RUS,71,185,71,L,2009,28,4,RW,FLA,74,28,37,65,0.88,10,8,18.7,8,129,38,47,85,5,24,273
3575000,Mikael Backlund,SWE,73,199,24,L,2008,28,10,C,CGY,82,14,31,45,0.55,-21,78,19.02,,543,108,165,273,-4,257,1212
5100000,Ryan McDonagh,USA,73,215,12,L,2010,28,8,D,TBL,63,4,25,29,0.46,8,20,23.33,10,530,53,188,241,142,221,923
5000000,Max Pacioretty,USA,74,206,22,L,2008,29,10,LW,MTL,64,17,20,37,0.58,-16,30,19.01,18,626,226,222,448,36,339,2047
650000,Brian Gibbons,USA,68,175,,L,2013,29,3,LW,NJD,59,12,14,26,0.44,10,20,14.43,22,125,17,31,48,17,34,122
10000000,Jakub Voracek,CZE,74,214,7,L,2008,28,10,RW,PHI,82,20,65,85,1.04,10,50,19.46,,768,175,398,573,-2,407,1907
4100000,Jake Muzzin,CAN,75,213,141,L,2010,28,7,D,LAK,74,8,34,42,0.57,10,40,21.65,4,446,47,145,192,14,265,974
4000000,Alec Martinez,USA,73,208,95,L,2009,30,9,D,LAK,77,9,16,25,0.32,3,34,22.86,6,496,57,115,172,34,160,749
4500000,Mark Stone,CAN,76,219,178,R,2012,25,6,RW,OTT,58,20,42,62,1.07,9,10,20.67,4,307,95,154,249,42,93,613
690000,Jack Rodewald,CAN,74,189,,R,2017,23,1,RW,OTT,4,0,0,0,0,-1,2,7.3,,4,0,0,0,-1,2,0
3667000,Carl Hagelin,SWE,71,186,168,L,2011,29,7,LW,PIT,81,10,21,31,0.38,8,28,15.94,,488,88,134,222,83,208,1067
4750000,Lars Eller,DNK,74,207,13,L,2009,28,9,C,WSH,81,18,20,38,0.47,-6,38,15.3,1,604,103,116,219,-24,375,1012
4750000,Wayne Simmonds,CAN,74,185,61,R,2008,29,10,RW,PHI,75,24,22,46,0.61,-16,57,18.09,7,762,226,218,444,-46,958,1704
800000,Scottie Upshall,CAN,72,200,6,L,2002,34,15,RW,STL,63,7,12,19,0.3,-1,46,10.85,13,759,138,147,285,9,615,1431
4000000,Trevor Daley,CAN,71,195,43,L,2003,34,14,D,DET,77,9,7,16,0.21,-5,36,20.7,6,971,87,207,294,17,616,1351
1800000,Nick Holden,CAN,76,214,,L,2010,30,7,D,BOS,73,4,13,17,0.23,-5,14,19.01,,374,36,76,112,9,123,430
5000000,Nazem Kadri,CAN,72,190,7,L,2009,27,9,C,TOR,80,32,23,55,0.69,2,42,16.76,4,488,145,168,313,-25,344,1217
742500,Kyle Capobianco,CAN,73,196,63,L,2017,20,1,D,ARI,1,0,0,0,0,-1,0,13.55,,1,0,0,0,-1,0,0
8000000,Victor Hedman,SWE,78,223,2,L,2009,27,9,D,TBL,77,17,46,63,0.82,32,54,25.85,4,626,82,282,364,65,485,1196
5400000,Jason Demers,CAN,73,195,186,R,2009,29,9,D,ARI,69,6,14,20,0.29,-4,37,21.14,14,573,43,148,191,21,344,748
7000000,Henrik Zetterberg,SWE,72,197,210,L,2002,37,15,C,DET,82,11,45,56,0.68,1,14,19.5,,1082,337,623,960,160,401,3455
4700000,Patrik Berglund,SWE,76,219,25,L,2008,29,10,C,STL,57,17,9,26,0.46,-5,30,16.16,24,694,168,154,322,10,242,1343
800000,Micheal Haley,CAN,71,205,,L,2009,31,8,C,FLA,75,3,6,9,0.12,-13,212,7.79,,205,8,17,25,-19,562,133
650000,Alex Broadhurst,USA,72,178,199,L,2017,24,1,C,CBJ,2,0,0,0,0,0,2,10.04,,2,0,0,0,0,2,1
650000,Matthew Peca,CAN,68,178,201,L,2016,24,2,C,TBL,10,2,3,5,0.5,6,0,13.67,,20,3,4,7,3,2,26
6000000,Frans Nielsen,DNK,73,188,87,L,2006,33,12,C,DET,79,16,17,33,0.42,1,14,15.83,3,764,152,271,423,-14,144,1453
5600000,Ondrej Palat,CZE,72,188,208,L,2012,26,6,LW,TBL,56,11,24,35,0.63,16,6,17,4,363,85,168,253,102,109,708
660000,Scott Wilson,CAN,71,183,209,L,2014,25,4,C,BUF,69,6,8,14,0.2,-20,8,12.21,,172,19,27,46,-20,52,264
5400000,Jay Bouwmeester,CAN,76,206,3,L,2002,34,15,D,STL,35,2,5,7,0.2,5,16,20.14,13,1106,84,314,398,-20,575,1859
3250000,Zack Smith,CAN,74,208,79,L,2008,29,10,LW,OTT,68,5,14,19,0.28,-32,54,16.72,4,542,85,80,165,-42,612,891
690000,Trevor Murphy,CAN,70,180,,L,2017,22,1,D,ARI,8,1,2,3,0.38,5,0,14.24,,8,1,2,3,5,0,5
650000,Frank Corrado,CAN,72,205,150,R,2012,24,6,D,PIT,5,0,0,0,0,-1,2,11.5,,76,3,5,8,-24,40,87
2500000,Matt Stajan,CAN,73,195,57,L,2002,34,15,C,CGY,68,4,8,12,0.18,4,28,10.93,,1003,146,267,413,-3,526,1152
800000,Lukas Sedlak,CZE,72,205,158,L,2016,24,2,C,CBJ,53,4,4,8,0.15,-3,21,9.4,11,115,11,10,21,7,46,107
825000,Josh Manson,CAN,75,213,160,R,2014,26,4,D,ANA,80,7,30,37,0.46,34,62,20.35,4,261,17,55,72,60,249,319
730000,Danick Martel,CAN,68,162,,L,2017,23,1,LW,PHI,4,0,0,0,0,-1,0,10.22,,4,0,0,0,-1,0,6
842500,Frank Vatrano,USA,69,201,,L,2015,23,3,C,FLA,41,7,3,10,0.24,3,34,10.84,12,124,25,14,39,-3,62,287
650000,Chase Balisy,USA,71,179,170,L,2017,25,1,C,FLA,8,0,0,0,0,-2,0,9.82,,8,0,0,0,-2,0,6
650000,Max McCormick,USA,71,188,171,L,2015,25,3,LW,OTT,30,3,2,5,0.17,-5,37,8.35,,57,5,4,9,-12,74,77
800000,Nikita Soshnikov,RUS,71,185,,L,2015,24,3,RW,STL,15,1,1,2,0.13,-2,4,11.02,8,82,8,8,16,-5,26,120
650000,Josh Archibald,CAN,70,176,174,R,2015,25,3,RW,ARI,42,5,6,11,0.26,-2,25,11.95,,53,8,6,14,1,29,53
650000,Travis Boyd,USA,71,185,177,L,2017,24,1,C,WSH,8,0,1,1,0.13,2,2,8.83,,8,0,1,1,2,2,2
700000,Dylan DeMelo,CAN,73,195,179,R,2015,24,3,D,SJS,63,0,20,20,0.32,-1,34,14.21,4,133,3,29,32,1,62,141
742500,Alex Formenton,CAN,74,165,47,L,2017,18,1,LW,OTT,1,0,0,0,0,0,0,4.9,,1,0,0,0,0,0,0
725000,Iiro Pakarinen,FIN,73,212,184,R,2014,26,4,RW,EDM,40,2,1,3,0.08,1,6,10.19,,134,10,13,23,-11,18,175
3500000,Derick Brassard,CAN,73,202,6,L,2007,30,11,C,PIT,72,21,25,46,0.64,0,34,17.73,7,716,162,266,428,-4,352,1494
1750000,Jay Beagle,CAN,75,218,,R,2008,32,10,C,WSH,79,7,15,22,0.28,3,16,12.45,4,471,51,65,116,11,159,530
710000,Tomas Hyka,CZE,71,160,171,R,2017,24,1,RW,VGK,10,1,2,3,0.3,2,0,12.05,,10,1,2,3,2,0,15
650000,Tyler Graovac,CAN,77,208,191,L,2014,24,4,C,WSH,5,0,0,0,0,-3,2,6.74,4,62,7,2,9,3,12,55
6750000,Johnny Gaudreau,USA,69,157,104,L,2013,24,5,LW,CGY,80,24,60,84,1.05,2,26,19.42,,312,97,191,288,11,64,794
750000,Rinat Valiev,RUS,75,215,68,L,2015,22,2,D,MTL,2,0,0,0,0,0,2,11.81,12,12,0,0,0,0,2,9
2500000,Radim Vrbata,CZE,73,194,212,R,2001,36,16,RW,FLA,42,5,9,14,0.33,-7,16,12.91,9,1057,284,339,623,-19,294,3103
2450000,Tobias Rieder,DEU,71,188,114,L,2014,25,4,C,LAK,78,12,13,25,0.32,-12,6,14.65,,312,55,62,117,-60,36,647
742500,Vince Dunn,CAN,72,203,56,L,2017,21,1,D,STL,75,5,19,24,0.32,1,20,17.23,4,75,5,19,24,1,20,138
900000,Jordan Greenway,USA,78,226,50,L,2017,20,1,LW,MIN,6,0,1,1,0.17,0,0,11.44,,6,0,1,1,0,0,4
650000,Fredrik Claesson,SWE,73,200,126,L,2015,25,3,D,OTT,64,1,6,7,0.11,-7,35,15.34,,113,4,16,20,-8,41,100
660000,Blake Pietila,USA,71,200,129,L,2015,24,3,LW,NJD,2,0,0,0,0,0,0,9.46,,19,1,2,3,-5,6,20
742500,Nick Seeler,USA,74,200,131,L,2017,24,1,D,MIN,22,0,4,4,0.18,10,21,14.53,3,22,0,4,4,10,21,17
750000,A.J. Greer,CAN,75,204,39,L,2016,21,2,LW,COL,17,0,3,3,0.18,2,29,7.39,,22,0,4,4,0,33,21
742500,Brendan Guhle,CAN,74,196,51,L,2016,20,2,D,BUF,18,0,5,5,0.28,-6,10,18.11,4,21,0,5,5,-5,10,41
8000000,Joe Thornton,CAN,76,220,1,L,1997,38,20,C,SJS,47,13,23,36,0.77,-9,38,18.35,4,1493,397,1030,1427,197,1194,2834
5000000,Andrew Shaw,CAN,71,182,139,R,2011,26,7,RW,MTL,51,10,10,20,0.39,-8,53,15.81,23,441,92,94,186,16,463,807
817500,Christian Fischer,USA,74,214,32,R,2016,20,2,RW,ARI,79,15,18,33,0.42,-17,14,13.9,1,86,18,18,36,-17,14,164
900000,Shane Prince,USA,71,193,61,L,2014,25,4,LW,NYI,14,1,1,2,0.14,-3,11,12,4,128,12,26,38,-6,39,181
4500000,Vincent Trocheck,USA,70,182,64,R,2013,24,5,C,FLA,82,31,44,75,0.91,-9,54,21.36,,310,91,121,212,-9,171,818
950000,Nick Cousins,CAN,71,185,68,L,2014,24,4,C,ARI,71,12,7,19,0.27,-7,31,12.86,,178,24,22,46,-7,68,265
817500,Brandon Carlo,USA,77,208,37,R,2016,21,2,D,BOS,76,0,6,6,0.08,10,45,19.24,5,158,6,16,22,19,104,164
3275000,Joel Ward,CAN,73,225,,R,2006,37,11,RW,SJS,52,5,7,12,0.23,-2,20,11.87,4,726,133,171,304,-2,261,1121
650000,Daniel Catenacci,CAN,70,193,77,L,2015,24,2,C,NYR,1,0,0,0,0,-1,0,11.05,,12,0,0,0,-3,0,8
850000,Klas Dahlbeck,SWE,75,207,79,L,2014,26,4,D,CAR,33,1,4,5,0.15,-6,21,16.36,,170,6,17,23,-31,87,164
675000,Andy Andreoff,CAN,73,203,80,L,2014,26,4,LW,LAK,45,3,6,9,0.2,-6,50,9.39,4,159,13,11,24,-6,214,145
650000,Alan Quine,CAN,72,203,166,L,2015,24,3,C,NYI,21,0,3,3,0.14,-2,4,11.74,19,84,6,16,22,-4,12,102
700000,Kyle Rau,USA,68,176,91,L,2015,25,3,C,MIN,3,0,1,1,0.33,0,0,11.03,,36,2,2,4,-4,6,40
1500000,Ryan Dzingel,USA,72,190,204,L,2015,25,3,LW,OTT,79,23,18,41,0.52,-17,35,16.49,4,190,40,42,82,-6,76,282
742500,Daniel Sprong,NLD,72,180,46,R,2015,20,2,RW,PIT,8,2,1,3,0.38,2,0,13.98,,26,4,1,5,1,0,45
2600000,Jean-Gabriel Pageau,CAN,70,184,96,R,2012,25,6,C,OTT,78,14,15,29,0.37,-14,36,16.74,4,329,59,71,130,18,107,591
675000,Mike Reilly,USA,74,195,98,L,2015,24,3,D,MTL,57,2,16,18,0.32,-5,26,14.96,4,103,5,22,27,-8,36,112
687500,Reid Boucher,USA,70,195,99,L,2013,24,5,C,VAN,20,3,2,5,0.25,-12,0,11.38,3,132,20,22,42,-33,18,228
5000000,Duncan Keith,CAN,73,192,54,L,2005,34,13,D,CHI,82,2,30,32,0.39,-29,28,23.83,,995,92,451,543,143,535,2085
700000,Ty Rattie,CAN,71,184,32,R,2013,24,5,RW,EDM,14,5,4,9,0.64,1,2,15.47,,49,9,10,19,-2,8,70
750000,Rocco Grimaldi,USA,66,180,33,R,2014,24,4,C,COL,6,1,2,3,0.5,0,0,9.64,1,37,5,5,10,-6,8,65
675000,Scott Mayfield,USA,76,227,34,R,2013,25,4,D,NYI,47,2,10,12,0.26,-6,45,17.84,5,83,5,17,22,-14,98,108
800000,Tomas Jurco,SVK,74,188,35,L,2013,25,5,LW,CHI,29,6,4,10,0.34,1,12,12.62,2,201,22,28,50,-11,60,291
650000,Adam Clendening,USA,72,196,36,R,2014,25,4,D,ARI,5,0,2,2,0.4,-1,2,15.93,,86,4,20,24,10,49,102
2900000,Boone Jenner,CAN,74,206,37,L,2013,24,5,C,CBJ,75,13,19,32,0.43,1,39,16.46,4,342,86,75,161,1,225,833
1000000,Dmitrij Jaskin,CZE,74,216,41,L,2012,24,6,RW,STL,76,6,11,17,0.22,6,14,12.45,,266,25,36,61,17,82,399
4000000,Victor Rask,SWE,74,200,42,L,2014,24,4,C,CAR,71,14,17,31,0.44,0,12,15.38,9,313,62,95,157,-30,68,644
6250000,Brandon Saad,USA,73,206,43,L,2011,25,7,LW,CHI,82,18,17,35,0.43,-10,14,17.5,,450,125,142,267,58,80,1143
1700000,Brett Ritchie,CAN,75,217,44,R,2014,24,4,RW,DAL,71,7,7,14,0.2,1,42,10.84,7,188,29,19,48,8,99,377
742500,Filip Chlapik,CZE,73,196,48,L,2017,20,1,C,OTT,20,1,3,4,0.2,-5,4,10.07,4,20,1,3,4,-5,4,21
1200000,Joel Edmundson,CAN,76,215,46,L,2015,24,3,D,STL,69,7,10,17,0.25,-1,57,20.74,4,205,11,30,41,10,180,295
1000000,Matt Nieto,USA,71,190,47,L,2013,25,5,LW,COL,74,15,11,26,0.35,6,14,14.91,6,338,50,57,107,-30,68,518
1200000,Xavier Ouellet,FRA,73,185,48,L,2013,24,5,D,DET,45,0,7,7,0.16,-3,6,13.86,,141,5,18,23,1,63,181
660000,Zack Mitchell,CAN,73,196,,R,2016,25,2,RW,MIN,23,3,2,5,0.22,-2,4,10.54,,34,3,2,5,-3,4,27
650000,Miikka Salomaki,FIN,71,203,52,L,2014,24,4,RW,NSH,58,2,6,8,0.14,-8,34,10.28,,125,8,11,19,-9,64,119
1000000,William Karlsson,SWE,73,189,53,L,2014,25,4,C,VGK,82,43,35,78,0.95,49,12,18.72,,265,61,67,128,53,28,417
650000,Scott Harrington,CAN,74,207,54,L,2014,24,4,D,CBJ,32,2,3,5,0.16,0,8,13.3,3,79,3,6,9,-7,26,62
650000,Ryan Sproul,CAN,76,205,55,R,2013,25,3,D,NYR,16,1,4,5,0.31,-6,6,16.37,,44,2,10,12,-14,12,64
4500000,Nikita Kucherov,RUS,71,178,58,L,2013,24,5,RW,TBL,80,39,61,100,1.25,15,42,19.82,4,365,147,187,334,78,161,1027
6000000,Ryan Nugent-Hopkins,CAN,72,191,1,L,2011,24,7,C,EDM,62,24,24,48,0.77,10,20,18.09,22,457,119,194,313,-32,142,1038
6000000,Gabriel Landeskog,SWE,73,215,2,L,2011,25,7,LW,COL,78,25,37,62,0.79,16,37,20.14,,506,143,198,341,21,391,1336
6200000,Jonathan Huberdeau,CAN,73,188,3,L,2012,24,6,LW,FLA,82,27,42,69,0.84,-2,32,19.21,,385,95,172,267,3,181,853
4500000,Adam Larsson,SWE,75,210,4,R,2011,25,7,D,EDM,63,4,9,13,0.21,10,34,21.93,4,416,17,84,101,44,244,451
6000000,Mika Zibanejad,SWE,74,227,6,R,2011,24,7,C,NYR,72,27,20,47,0.65,-23,14,17.97,4,409,105,130,235,-25,94,920
6750000,Mark Scheifele,CAN,75,207,7,R,2011,24,7,C,WPG,60,23,37,60,1,19,18,20.68,4,366,113,174,287,73,142,760
4000000,Sean Couturier,CAN,75,211,8,L,2011,25,7,C,PHI,82,31,45,76,0.93,34,31,21.59,,498,101,166,267,69,191,970
5750000,Dougie Hamilton,CAN,78,210,9,R,2012,24,6,D,CGY,82,17,27,44,0.54,1,64,21.53,,423,64,156,220,23,269,1067
4500000,Jonas Brodin,SWE,73,194,10,L,2012,24,6,D,MIN,73,6,15,21,0.29,23,30,21.6,9,404,24,76,100,48,108,440
750000,Duncan Siemens,CAN,75,210,11,L,2014,24,3,D,COL,16,1,1,2,0.13,-5,23,12.32,,20,1,1,2,-7,25,16
700000,Ryan Murphy,CAN,71,185,12,R,2012,24,6,D,MIN,21,2,3,5,0.24,8,16,19.01,,172,8,34,42,-28,54,238
2000000,Sven Baertschi,CHE,71,192,13,L,2011,25,7,LW,VAN,53,14,15,29,0.55,3,20,15.61,21,259,57,65,122,-22,68,387
964688,Jamie Oleksiak,CAN,79,255,14,L,2012,25,6,D,PIT,68,5,12,17,0.25,7,87,16.66,,187,11,25,36,-10,169,179
2750000,J.T. Miller,USA,73,218,15,L,2012,24,6,C,TBL,82,23,35,58,0.71,-4,40,17.02,,360,82,108,190,15,156,591
975000,Joel Armia,FIN,75,205,16,R,2014,24,4,RW,WPG,79,12,17,29,0.37,3,22,12.6,1,180,26,32,58,-3,54,291
2300000,Nathan Beaulieu,CAN,74,200,17,L,2012,25,6,D,BUF,59,1,8,9,0.15,-19,36,15.95,4,284,8,61,69,0,188,344
742500,Anthony Cirelli,CAN,72,180,72,L,2017,20,1,C,TBL,18,5,6,11,0.61,11,6,13.23,,18,5,6,11,11,6,26
3500000,Oscar Klefbom,SWE,75,215,19,L,2013,24,5,D,EDM,66,5,16,21,0.32,-12,18,22.85,6,255,24,70,94,-36,34,564
4600000,Connor Murphy,USA,76,212,20,R,2013,24,5,D,CHI,76,2,12,14,0.18,-3,34,16.37,,334,15,48,63,-33,179,393
660000,Stefan Noesen,USA,73,205,21,R,2014,24,4,RW,NJD,72,13,14,27,0.38,12,36,13.29,,118,21,16,37,18,60,190
650000,Joe Morrow,CAN,72,196,23,L,2014,25,4,D,WPG,56,6,10,16,0.29,-4,26,16.73,,121,8,17,25,-12,42,166
5000000,Andy Greene,USA,71,190,,L,2006,35,12,D,NJD,81,3,10,13,0.16,-9,21,21.12,,788,42,168,210,-11,229,860
950000,Phillip Danault,CAN,73,195,26,L,2014,24,4,C,MTL,52,8,17,25,0.48,0,34,16.59,4,187,25,50,75,0,83,301
700000,Tanner Kero,USA,72,185,,L,2015,25,3,C,CHI,8,1,2,3,0.38,1,0,11.44,1,72,8,14,22,14,10,93
3800000,Rickard Rakell,SWE,74,198,30,R,2012,24,6,C,ANA,77,34,35,69,0.9,6,14,19.42,5,313,96,102,198,16,57,706
2500000,Jason Chimera,CAN,75,215,121,L,2000,38,17,LW,ANA,74,3,10,13,0.18,-12,37,10.3,,1107,186,229,415,-31,892,2010
650000,Markus Hannikainen,FIN,73,200,,L,2015,24,3,LW,CBJ,33,3,3,6,0.18,-1,6,8.37,,47,4,4,8,-3,12,42
650000,Evan Rodrigues,CAN,71,182,,R,2015,24,3,LW,BUF,48,7,18,25,0.52,-10,14,13.93,4,80,12,21,33,-15,18,150
650000,Seth Griffith,CAN,69,190,131,R,2014,25,4,C,BUF,21,2,1,3,0.14,-6,6,10.57,6,79,8,11,19,-6,24,71
2500000,Alexandre Burrows,CAN,73,197,,L,2005,36,13,RW,OTT,71,6,8,14,0.2,-8,59,11.69,,913,205,204,409,104,1134,1736
742500,Brayden Point,CAN,70,166,79,R,2016,21,2,C,TBL,82,32,34,66,0.8,18,24,19.62,,150,50,56,106,22,38,339
675000,Andreas Martinsen,NOR,75,229,,L,2015,27,3,LW,CHI,9,1,0,1,0.11,-1,17,12.64,,128,8,11,19,-19,96,139
700000,Dean Kukan,CHE,74,186,,L,2015,24,2,D,CBJ,11,0,4,4,0.36,2,2,12.36,4,19,0,4,4,11,2,15
700000,Noel Acciari,USA,70,208,,R,2015,26,3,C,BOS,60,10,1,11,0.18,-6,9,12.91,5,108,12,5,17,-7,33,108
1100000,Colin Miller,CAN,73,196,151,R,2015,25,3,D,VGK,82,10,31,41,0.5,-4,53,19.34,,185,19,51,70,-4,147,321
1425000,Derek Ryan,USA,71,170,,R,2015,31,3,C,CAR,80,15,23,38,0.48,-15,28,15.61,4,153,28,41,69,-22,52,213
750000,Jonathan Marchessault,CAN,69,174,,R,2012,27,5,C,VGK,77,27,48,75,0.97,36,40,17.5,5,201,65,80,145,5,95,545
2500000,Jason Garrison,CAN,73,218,,L,2008,33,10,D,VGK,8,0,1,1,0.13,-2,4,19.07,,538,48,111,159,35,221,896
2150000,Nate Schmidt,USA,73,194,,L,2013,26,5,D,VGK,76,5,31,36,0.47,19,16,22.24,4,276,13,66,79,55,64,324
842500,Andreas Johnsson,SWE,70,180,202,L,2017,23,1,LW,TOR,9,2,1,3,0.33,-2,0,11.7,,9,2,1,3,-2,0,19
5000000,Tyler Johnson,USA,68,183,,R,2012,27,6,C,TBL,81,21,29,50,0.62,3,24,16.99,1,389,110,151,261,61,126,878
7600000,Drew Doughty,CAN,73,200,2,R,2008,28,10,D,LAK,82,10,50,60,0.73,23,54,26.84,,770,102,320,422,93,555,1668
9500000,Steven Stamkos,CAN,73,194,1,R,2008,27,10,C,TBL,78,27,59,86,1.1,18,72,18.77,4,664,348,320,668,26,440,2088
7000000,Alex Pietrangelo,CAN,75,210,4,R,2008,28,10,D,STL,78,15,39,54,0.69,8,22,25.74,4,617,80,277,357,64,199,1408
5500000,Zach Bogosian,USA,75,221,3,R,2008,27,10,D,BUF,18,0,1,1,0.06,-9,20,19.16,4,552,49,121,170,-82,497,1117
1500000,Luke Schenn,CAN,74,229,5,R,2008,28,10,D,ARI,64,1,6,7,0.11,-12,35,16.38,,708,30,113,143,-45,529,867
4000000,Colin Wilson,USA,73,221,7,L,2009,28,9,C,COL,56,6,12,18,0.32,-5,6,13.13,4,558,101,154,255,32,130,879
4800000,Mikkel Boedker,DNK,72,210,8,L,2008,28,10,LW,SJS,74,15,22,37,0.5,0,12,13.36,7,618,109,179,288,-47,110,983
4000000,Josh Bailey,CAN,73,203,9,L,2008,28,10,RW,NYI,76,18,53,71,0.93,-20,17,17.88,4,715,124,253,377,-52,198,1135
3500000,Tyler Myers,CAN,80,229,12,R,2009,27,9,D,WPG,82,6,30,36,0.44,9,48,21.43,,555,65,169,234,-2,405,887
650000,Barclay Goodrow,CAN,74,210,,L,2014,24,4,RW,SJS,47,7,7,14,0.3,1,28,10.88,4,124,11,19,30,1,79,135
7000000,Erik Karlsson,SWE,72,191,15,R,2009,27,9,D,OTT,71,9,53,62,0.87,-25,36,26.74,5,627,126,392,518,-37,316,1845
4000000,Luca Sbisa,CHE,74,209,19,L,2008,28,10,D,VGK,30,2,12,14,0.47,8,15,19.52,4,495,18,84,102,-19,344,483
4050000,Jake Gardiner,USA,74,200,17,L,2011,27,7,D,TOR,82,5,47,52,0.63,9,32,22.53,,489,42,173,215,-10,159,709
3000000,Michael Del Zotto,CAN,72,195,20,L,2009,27,9,D,VAN,82,6,16,22,0.27,-8,48,20.8,,566,53,158,211,-34,250,860
6000000,Jordan Eberle,CAN,71,187,22,R,2010,27,8,C,NYI,81,25,34,59,0.73,5,21,16.07,1,588,190,251,441,-43,141,1418
3650000,Tyler Ennis,CAN,69,161,26,L,2009,28,9,LW,MIN,73,8,14,22,0.3,-1,12,11.97,,492,105,153,258,-66,180,1079
4000000,John Carlson,USA,75,218,27,R,2009,28,9,D,WSH,82,15,53,68,0.83,0,32,24.78,,608,77,256,333,59,198,1356
5000000,Roman Josi,CHE,73,201,38,L,2011,27,7,D,NSH,75,14,39,53,0.71,24,24,24.47,8,481,78,214,292,35,151,1197
5500000,Justin Schultz,CAN,74,193,43,R,2012,27,6,D,PIT,63,4,23,27,0.43,22,14,19.51,15,407,45,142,187,-22,100,661
650000,Aaron Ness,USA,70,184,40,L,2011,27,5,D,WSH,8,0,1,1,0.13,2,8,12.73,,47,1,5,6,-8,22,39
700000,Zac Dalpe,CAN,74,194,45,R,2010,28,8,C,CBJ,12,0,0,0,0,-3,13,7.44,3,140,12,12,24,-31,36,164
4875000,Travis Hamonic,CAN,74,205,53,R,2010,27,8,D,CGY,74,1,10,11,0.15,-9,79,20.7,4,518,27,130,157,-16,531,919
7000000,Derek Stepan,USA,72,196,51,R,2010,27,8,C,ARI,82,14,42,56,0.68,-7,26,19.27,,597,142,274,416,102,156,1407